id,session_uuid,timestamp,gaze_h,gaze_v,head_yaw,head_pitch,eyes_open,blink_rate,emotion_confidence,attention_score,target_engagement_label
15,baseline-seed,1788274454.2661374,0.5198685661204493,0.49585207096486444,0.032384426905034625,0.06092119425632102,1,13.248149123539491,87.18392328470684,81.161672243364,High
16,baseline-seed,1788274454.2671385,0.6023233033760109,0.6106309170883917,0.0735297492781188,0.06848981156931114,1,24.38425862809464,76.08484485919075,62.59415435917371,Medium
17,baseline-seed,1788274454.2671385,0.85,0.2,-0.45,-0.35,1,10.579754426081674,67.30361621338045,16.119921104922433,Low
18,baseline-seed,1788274454.2691188,0.5586259507568622,0.49322671098540394,0.003376410234396192,-0.05698992744853827,1,16.73931655089634,85.65030577807997,92.15089703802877,High
19,baseline-seed,1788274454.2691188,0.5319796919915271,0.6068463892627983,0.14328272010097456,0.06186641558352165,1,27.721982418614818,72.44076469689557,61.88424584267048,Medium
20,baseline-seed,1788274454.2691188,0.15,0.2,0.45,-0.35,0,31.50089137415928,67.79277690223527,22.882992931823676,Low
21,baseline-seed,1788274454.2701192,0.4468725580440628,0.5059058370760737,0.03692332899977052,0.00685473124759882,1,12.707940016415357,87.74376007386803,80.90454577821076,High
22,baseline-seed,1788274454.2701192,0.49927317257079135,0.4550023471877868,0.18189603334669455,0.06771150030022242,1,26.63779324701666,75.61869019374761,63.02470599579796,Medium
23,baseline-seed,1788274454.2701192,0.15,0.2,-0.45,-0.35,0,44.47547746402069,79.30611923241644,8.743489987503587,Low
24,baseline-seed,1788274454.2701192,0.541239980899838,0.527938403573486,-0.04196087616113193,-0.012368495034048584,1,18.90482740700475,93.7261737755858,86.61796049705299,High
25,baseline-seed,1788274454.2701192,0.5657814302983476,0.525377001478822,0.21437730757605605,0.04610752363265931,1,30.288247127617772,87.74425485152653,61.33315820388678,Medium
26,baseline-seed,1788274454.2701192,0.15,0.2,0.45,-0.35,1,27.45108790277985,79.27417949886403,21.72700624003319,Low
27,baseline-seed,1788274454.2701192,0.3952101958364102,0.5246570751312567,0.004352353411908562,-0.0119602940186347,1,14.514847848610614,92.11998967630583,98.15132947852186,High
28,baseline-seed,1788274454.2701192,0.5372466837061195,0.4602967677511399,0.05685933370416639,0.1446226770262736,1,23.00073882777431,75.79502905827536,53.8693108940961,Medium
29,baseline-seed,1788274454.2701192,0.85,0.8,-0.45,0.35,1,39.85842360750871,80.09180192247786,8.209082590985577,Low
30,baseline-seed,1788274454.2711203,0.5038831019739216,0.5290593497159867,-0.03510265469386762,-0.013106485863910729,1,13.823481300335533,90.9795090407676,96.36029531844986,High
31,baseline-seed,1788274454.2711203,0.3675859161949223,0.570731076633326,0.08835868387357654,0.08265178861180349,1,26.388997228247163,88.85819407825039,57.75687036849813,Medium
32,baseline-seed,1788274454.2711203,0.85,0.8,-0.45,0.35,0,43.87128330883843,84.06118237355278,11.078421016316023,Low
33,baseline-seed,1788274454.2711203,0.4232491513880383,0.4992045837365235,0.003011510497051322,0.09852968449941145,1,12.411830009999914,88.90105049931256,98.16531771933307,High
34,baseline-seed,1788274454.2711203,0.534023263390928,0.524710106779607,0.1471856771349315,0.09955719100332562,1,25.146718529649505,83.44271094811756,68.27887076788923,Medium
35,baseline-seed,1788274454.2711203,0.15,0.2,-0.45,0.35,0,30.292233223743178,75.83824276902237,23.574086099289374,Low
36,baseline-seed,1788274454.2711203,0.4603785469947725,0.48301106811191685,0.004982568254382061,-0.02013902616464797,1,17.42051489473826,85.23222960498998,90.24186116598563,High
37,baseline-seed,1788274454.2711203,0.6319269386103284,0.47662758779948167,0.1629068825905652,0.04511854412432336,1,27.027559501906985,88.73459977473469,53.300502659503834,Medium
38,baseline-seed,1788274454.2711203,0.85,0.2,-0.45,0.35,1,40.09357413523924,66.4485406928789,29.03929802550388,Low
39,baseline-seed,1788274454.2721202,0.5090983973841652,0.5392142826284728,-0.08037416172806139,0.007385354341292168,1,12.744822142447195,97.56102061134658,98.00836114326661,High
40,baseline-seed,1788274454.2721202,0.4647966841852961,0.6214436353668185,0.223951745141159,0.04797123063702681,1,33.6624333793835,87.74172848530235,68.71701310058297,Medium
41,baseline-seed,1788274454.2721202,0.85,0.8,-0.45,-0.35,0,40.94216754108317,75.16072649148975,0.4046702711317045,Low
42,baseline-seed,1788274454.2721202,0.5117228989319472,0.478569457459209,0.09328872555723783,0.0189533168364715,1,17.215690076020806,88.13977033244784,94.24358442695072,High
43,baseline-seed,1788274454.2721202,0.5199056460268857,0.48217431681276823,0.18159818879446346,0.17610337134423412,1,33.039904336424314,83.15225784600686,63.63940648005132,Medium
44,baseline-seed,1788274454.2721202,0.85,0.2,-0.45,0.35,0,14.759585735163343,84.32526386881113,17.296299885337458,Low
45,baseline-seed,1788274454.2721202,0.5110676319732007,0.5248154974710807,0.000650094593895351,0.058141363086292676,1,16.615231077010872,91.8952477134641,83.90485975596089,High
46,baseline-seed,1788274454.2731187,0.5029587499147099,0.6086308000487844,0.12335840515760182,0.09176369097413103,1,24.302438832291635,88.80917168705828,72.8942858480621,Medium
47,baseline-seed,1788274454.2731187,0.15,0.8,-0.45,0.35,0,42.132742503509014,70.70460370793286,42.53281203792146,Low
48,baseline-seed,1788274454.2736316,0.4661282512772638,0.45455458325942405,-0.022325747603351057,0.03425595177293889,1,13.35594197348874,92.7952176744169,98.72309548321562,High
49,baseline-seed,1788274454.2736316,0.6304059950880806,0.6557762483381937,0.13847629783561063,0.05146378651657833,1,34.87070005135542,72.80168030473048,62.43991165672968,Medium
50,baseline-seed,1788274454.2736316,0.85,0.8,-0.45,0.35,1,33.09936335948437,68.98727878049388,12.918041147637709,Low
51,baseline-seed,1788274454.2736316,0.5206014106883464,0.5154135785273662,0.0257523843153024,0.15410925962618885,1,18.3863614317342,94.0994950308887,94.03933754515407,High
52,baseline-seed,1788274454.2736316,0.5985836926541124,0.5605708553231393,0.027794770267198787,0.009953896407569565,1,23.221765217931296,81.56560281992348,50.86261457112181,Medium
53,baseline-seed,1788274454.2736316,0.15,0.8,-0.45,0.35,0,28.63333042276043,60.762506248476235,1.6433203049654344,Low
54,baseline-seed,1788274454.2746465,0.48112272536842265,0.5326685179090209,0.003214000954773139,-0.043109791117172246,1,18.159948424788887,88.0214943849558,92.45780951638001,High
55,baseline-seed,1788274454.2746465,0.771122876591397,0.660604825499232,0.22907483927613637,0.1497259586562925,1,34.68607703301295,80.32600696602391,57.750955350589905,Medium
56,baseline-seed,1788274454.2746465,0.15,0.8,-0.45,-0.35,1,8.138255253690637,60.633768585386434,42.3565302458287,Low
57,baseline-seed,1788274454.2746465,0.5201994911592183,0.5259726558251037,-0.060014820352788815,-0.013380049433637936,1,13.25149634136869,88.50340057430434,90.98453329412241,High
58,baseline-seed,1788274454.2746465,0.6556305352070053,0.6259844113223725,0.15018370123683272,0.1990810591887694,1,29.952369701046578,78.3920012485558,55.94554374802778,Medium
59,baseline-seed,1788274454.2746465,0.85,0.2,-0.45,0.35,0,9.64290562027665,61.15006605054382,1.792067302034686,Low
60,baseline-seed,1788274454.2746465,0.5177527771258491,0.52323902160288,-0.04634652357890415,-0.0023810142424720033,1,15.932927000934658,91.62860479092792,83.4640373982003,High
61,baseline-seed,1788274454.2746465,0.42040307427538803,0.4719884295043937,0.2434454121487267,0.1793958284290742,1,22.588952127036578,77.49225229252943,65.02063797714167,Medium
62,baseline-seed,1788274454.2746465,0.85,0.8,-0.45,0.35,1,11.517377083257188,61.764218685010746,28.26644824107789,Low
63,baseline-seed,1788274454.2756488,0.5027920833996008,0.4884405920941472,0.005675867262562403,0.026485226980841867,1,15.105359409652175,94.00603505819295,89.16505780983033,High
64,baseline-seed,1788274454.2756488,0.6349478810212776,0.5542583449383848,0.15514617120827473,0.09349012668618922,1,33.76955834542883,73.91582269578593,51.66467122100397,Medium
65,baseline-seed,1788274454.2756488,0.15,0.8,0.45,-0.35,0,32.320270936654275,61.77971621150572,14.034927732925498,Low
66,baseline-seed,1788274454.2756488,0.4764254097222315,0.5254880629106308,0.017850774298252367,-0.027716383810426168,1,17.03154277423907,97.28460818937874,94.70142087607772,High
67,baseline-seed,1788274454.2756488,0.5296239314187909,0.6026052789971396,0.16413896083720594,0.057392322524350975,1,32.488851610474434,89.81010284001347,59.902824245874235,Medium
68,baseline-seed,1788274454.2756488,0.85,0.2,-0.45,0.35,0,42.23029302414259,81.4603187960753,18.87573720450081,Low
69,baseline-seed,1788274454.2766457,0.5330166539595211,0.5244052890800192,0.06527394035771646,0.000840153665310362,1,14.560396808244894,97.5373251989468,87.78403357468326,High
70,baseline-seed,1788274454.2766457,0.5583167630169166,0.5132143190254974,0.27298541118719766,0.16391362495281508,1,27.829791785718157,75.86421543396129,57.88794908887798,Medium
71,baseline-seed,1788274454.2766457,0.15,0.2,0.45,-0.35,1,36.584725711782156,62.28015257621726,21.754493406913586,Low
72,baseline-seed,1788274454.2766457,0.503032182327749,0.47968514865463663,0.04875598667088756,-0.005882295260085546,1,14.807320100416629,86.63893822998648,82.85983364105672,High
73,baseline-seed,1788274454.2766457,0.6291073073180339,0.6314728472859993,0.08533572744779518,0.11222936365164803,1,32.68418077077463,84.12484454312992,51.952370735405594,Medium
74,baseline-seed,1788274454.2766457,0.15,0.8,-0.45,0.35,0,19.825685882675636,80.31998918143756,41.67893740488978,Low
75,baseline-seed,1788274454.2776487,0.47126223114990257,0.4935965854486446,0.01554537827990023,0.05901424867798208,1,15.393776073975811,97.6889613913263,82.22394964612303,High
76,baseline-seed,1788274454.2776487,0.5558140606338953,0.5497262302605823,0.06541259191038767,0.09710827086785123,1,23.544632911484936,72.3505249355421,65.58104725078553,Medium
77,baseline-seed,1788274454.2776487,0.15,0.2,-0.45,0.35,1,19.994823180948163,67.14280215704652,38.218361640336255,Low
78,baseline-seed,1788274454.2776487,0.5089636992724167,0.5003777720234538,0.0048838049274415865,-0.03092039135421866,1,19.754420284952793,92.32336981838208,92.58797276270525,High
79,baseline-seed,1788274454.2776487,0.5454446238713302,0.6615980203892159,0.21603292387307188,0.2089652674146289,1,33.71505413638286,70.90892760682915,56.74311655021353,Medium
80,baseline-seed,1788274454.2776487,0.85,0.8,0.45,0.35,1,29.80530391206147,66.93452957452831,8.277331027845499,Low
81,baseline-seed,1788274454.2786472,0.4150441710276077,0.4842273493495772,-0.037956633077684904,0.006015751459048305,1,19.795158461329333,98.80695042271444,93.9632342803949,High
82,baseline-seed,1788274454.2786472,0.4269834786348624,0.5717485875283181,0.16570780082614303,0.15823142920079264,1,24.114020211483588,88.21854368987685,69.74089383015605,Medium
83,baseline-seed,1788274454.2786472,0.85,0.2,0.45,-0.35,1,21.729721451624755,83.31821208385033,38.10681113801797,Low
84,baseline-seed,1788274454.2786472,0.5471776048288515,0.48592473043685885,-0.08565672645454388,0.05415489496661652,1,19.759315182516826,96.78966492389992,96.76657409422276,High
85,baseline-seed,1788274454.2786472,0.3838188318947413,0.49592237088012,0.11130970687289155,0.09667090250213958,1,33.24139089131569,86.25802018260156,73.99322415886714,Medium
86,baseline-seed,1788274454.2786472,0.85,0.2,-0.45,-0.35,1,42.79062919529712,81.24118476693529,10.883316476700697,Low
87,baseline-seed,1788274454.2786472,0.4572951828246962,0.4957286154493612,0.0060147815855949435,0.02057755336234996,1,13.829142444027703,94.403809581682,92.36256480915792,High
88,baseline-seed,1788274454.2786472,0.5137685536867429,0.5317681338741445,0.139386694886649,0.2228439352678143,1,32.04013909256331,80.40327002223987,70.45235600764497,Medium
89,baseline-seed,1788274454.2796457,0.85,0.8,-0.45,0.35,1,21.139314648495883,63.35038071126602,1.2664377577869148,Low
90,baseline-seed,1788274454.2796457,0.5258150379834059,0.5410589467259704,-0.048246173029005225,0.027442058399937574,1,13.090971804694158,85.20362531935035,87.01175117613194,High
91,baseline-seed,1788274454.2796457,0.44153015169875454,0.6366603275189087,0.19088508481969224,0.09177533073748884,1,26.527321071302904,80.27978978319622,68.80767230578743,Medium
92,baseline-seed,1788274454.2796457,0.85,0.8,-0.45,0.35,1,42.98082494630569,63.67683702322595,40.76985550710575,Low
93,baseline-seed,1788274454.2796457,0.4318647024257938,0.49833356903310144,0.019203272446965364,-0.0013077899237637245,1,15.940944751942958,89.60252254402512,92.66801708633452,High
94,baseline-seed,1788274454.2796457,0.5701670954758835,0.5454817807146927,0.03189984761223104,0.12926039649539764,1,26.493674683210223,87.93576819812023,61.37507936630894,Medium
95,baseline-seed,1788274454.2796457,0.15,0.8,0.45,-0.35,0,6.6347446506591545,64.22337657680411,12.25797491740618,Low
96,baseline-seed,1788274454.2806458,0.4957187856018177,0.4689427303274188,-0.027682465267359103,-0.04791511570355394,1,16.027338166838856,94.66552760081112,80.78624279682198,High
97,baseline-seed,1788274454.2806458,0.6211671192552431,0.6222781043545496,0.1881083411680408,0.06277817664786689,1,31.72737597498756,73.69042038712755,55.02438376008105,Medium
98,baseline-seed,1788274454.2806458,0.15,0.8,0.45,0.35,1,19.756545582790896,71.5633679033287,32.88872127788529,Low
99,baseline-seed,1788274454.2806458,0.5230622785222306,0.5093375046363061,0.15394404042276189,0.044782996457383074,1,12.857376090718208,91.26377313552837,90.65234532910046,High
100,baseline-seed,1788274454.2811568,0.5151595322416624,0.4957274869727758,0.10504759019516728,0.09713254735758772,1,26.187029152581317,74.22896013993089,57.85993645226995,Medium
101,baseline-seed,1788274454.2811568,0.85,0.2,-0.45,-0.35,1,32.164092765779586,79.72928096518345,21.93145675287852,Low
102,baseline-seed,1788274454.2811568,0.5030947323059047,0.47416147396015207,0.07615620386348287,0.021556401747386347,1,15.453276369837436,86.78612423913789,85.67551811597448,High
103,baseline-seed,1788274454.2811568,0.6916585548742851,0.47142104259928613,-0.03310220642146852,0.1564770746836285,1,34.824698234308734,82.11549638713774,55.693443001663866,Medium
104,baseline-seed,1788274454.2811568,0.85,0.2,0.45,0.35,0,11.427254930382226,64.66417560128265,12.544187422529273,Low
105,baseline-seed,1788274454.2811568,0.5019408651177931,0.4750714965076689,0.013522841288991942,-0.0020095243779654783,1,12.896311217344419,90.56997838664039,99.38940866550737,High
106,baseline-seed,1788274454.2811568,0.5989859507807794,0.5664146441883178,0.06207985627165608,0.06804518186677574,1,30.692361859017602,88.58751978255171,63.362309432334314,Medium
107,baseline-seed,1788274454.2811568,0.85,0.8,-0.45,-0.35,1,12.481749942300935,68.09198091010609,18.719203299122338,Low
108,baseline-seed,1788274454.282173,0.4348983024846735,0.5014425483998415,0.012986125086074093,-0.036172665004176346,1,14.309044425922046,93.13733509991657,83.08725430548405,High
109,baseline-seed,1788274454.282173,0.8027021938791241,0.4533396634026868,0.10811588759943604,0.07555239174188409,1,23.747390800206666,71.26749940945535,73.75904557735868,Medium
110,baseline-seed,1788274454.282173,0.15,0.8,0.45,0.35,0,32.26010888895717,79.00569649724216,26.208104586745147,Low
111,baseline-seed,1788274454.282173,0.4011342199949084,0.4760931423358857,0.028853606359027003,-0.008121815441719707,1,18.644955262301835,98.51037674933117,82.4859444697109,High
112,baseline-seed,1788274454.282173,0.5935783427512299,0.555363635148739,0.15904352635029995,0.1948080457045121,1,32.943774097857535,72.79544753252578,69.08641548463737,Medium
113,baseline-seed,1788274454.282173,0.85,0.8,0.45,-0.35,0,37.58298880925528,76.629930517405,23.01487868984125,Low
114,baseline-seed,1788274454.282173,0.5348449881372677,0.4902192940349648,0.060060696108197247,-0.016323014920862057,1,15.513079268561746,90.27722201194871,89.25359571339213,High
115,baseline-seed,1788274454.282173,0.6641274432537333,0.4993873022652718,-0.00642015493948217,0.10096320511863585,1,33.69446945256939,77.67782442746423,63.04526866673572,Medium
116,baseline-seed,1788274454.282173,0.85,0.8,-0.45,-0.35,0,42.59328494453901,75.69270132678545,14.73584704491179,Low
117,baseline-seed,1788274454.2831717,0.5135398562997766,0.487541362582976,0.031639093305314246,0.09082771431217583,1,19.151140664407663,96.04036095714343,83.03349759465502,High
118,baseline-seed,1788274454.2831717,0.4926887650165223,0.5009799136443464,0.24078170499676987,0.12412206880281533,1,33.397953277902744,76.84163497431815,69.71017531212831,Medium
119,baseline-seed,1788274454.2831717,0.15,0.2,0.45,-0.35,0,20.89149162241469,79.93238414448884,6.596366803346046,Low
120,baseline-seed,1788274454.2831717,0.5302795446658141,0.4723350402746712,0.04348029600528301,0.05422551435219804,1,17.551587555736802,92.59814220686634,85.03598117813905,High
121,baseline-seed,1788274454.2831717,0.4953291677722358,0.5192251375017152,0.13364753628646905,0.15013392390099423,1,27.21106841792732,79.24011607288266,72.73480015068357,Medium
122,baseline-seed,1788274454.2831717,0.85,0.8,-0.45,0.35,1,29.458169417385914,60.452754595521014,38.373451993542666,Low
123,baseline-seed,1788274454.2841744,0.5043757917841957,0.5217729987169608,0.024050461586835662,0.008955360971165255,1,17.657909074507188,87.13554660079966,91.52576720333626,High
124,baseline-seed,1788274454.2841744,0.47268438737602414,0.6632096867274543,0.1347106681524126,0.10600572655478191,1,34.03239066778809,79.01678742808264,52.71771310017812,Medium
125,baseline-seed,1788274454.2841744,0.15,0.8,0.45,0.35,0,41.83367530469489,81.7474090515532,22.828874513547174,Low
126,baseline-seed,1788274454.2841744,0.4323014148114072,0.5458865095838185,-0.007900394928949471,-0.0170752427978968,1,18.42282758878409,85.06484832206444,86.66998343382288,High
127,baseline-seed,1788274454.2841744,0.6481797191224214,0.4107557575613122,0.10160963428428905,0.13768840080884018,1,26.51039162465096,84.75002496219497,60.853230581355376,Medium
128,baseline-seed,1788274454.2841744,0.15,0.2,0.45,-0.35,0,12.055479460248932,72.459194318487,18.43271977820011,Low
129,baseline-seed,1788274454.2841744,0.4907626187916529,0.5208861909444026,0.09244780474726727,0.04506260118191029,1,12.104755652706668,94.28952320823394,83.56071933739503,High
130,baseline-seed,1788274454.2841744,0.5160711543339788,0.5401278605170182,0.12005592940457398,0.10949535885720206,1,29.74000522516057,71.34152954776854,67.99905128958027,Medium
131,baseline-seed,1788274454.2851737,0.15,0.8,-0.45,0.35,0,12.627508826546663,60.91374169620237,20.770945584839968,Low
132,baseline-seed,1788274454.2851737,0.47148616869291343,0.5031929068307569,-0.012748860871042765,0.060159719543307545,1,16.19512215462064,91.1706784571352,88.01526121750652,High
133,baseline-seed,1788274454.2851737,0.48579773077800503,0.562222107888331,0.14318738113347743,0.08471072389765813,1,34.29950100773723,77.46618632559506,56.49787215544529,Medium
134,baseline-seed,1788274454.2851737,0.85,0.8,0.45,-0.35,0,11.246103894647614,77.89930572118493,28.99265344404666,Low
135,baseline-seed,1788274454.2851737,0.5288668825617294,0.46612844686348315,-0.026226013313988685,0.019574982449116724,1,17.221968862814997,88.33455893465417,81.9888278551869,High
136,baseline-seed,1788274454.2851737,0.6451091126498883,0.4935751735259259,0.1387721604124069,0.1151653304522732,1,27.16338588503991,83.36170273141292,54.9196230899797,Medium
137,baseline-seed,1788274454.2851737,0.15,0.2,0.45,0.35,0,8.420341234178723,65.19715637865069,1.1674169704480675,Low
138,baseline-seed,1788274454.2861743,0.5130453208896847,0.4624665927084409,0.046201350960345056,-0.007396085457719561,1,18.539548493907528,89.78544292377026,85.18846866862584,High
139,baseline-seed,1788274454.2861743,0.6852613206625727,0.4448135771837071,0.1805081255429905,0.015218539279493362,1,27.322351478486127,81.0409436170396,60.4670366992476,Medium
140,baseline-seed,1788274454.2861743,0.85,0.2,0.45,0.35,1,10.604527030658101,81.71169939744782,21.4469727229786,Low
141,baseline-seed,1788274454.2861743,0.5045691059464816,0.5045090528438563,-0.018180610610692795,-0.0022778249488426983,1,14.149418875079569,92.58287900525214,92.66956439652294,High
142,baseline-seed,1788274454.2861743,0.5301716397518973,0.5249114179594437,0.016924209619414002,0.10604904533524313,1,25.539995244751797,70.36781353094933,71.94317135745197,Medium
143,baseline-seed,1788274454.2861743,0.15,0.8,0.45,-0.35,0,27.167120100631735,76.28550970879661,36.50863936311687,Low
144,baseline-seed,1788274454.2861743,0.510241189372555,0.5294807295183654,0.08327372222312884,0.04057480260072522,1,13.402970228987597,97.80176724294944,88.37541049784146,High
145,baseline-seed,1788274454.2871733,0.6106891163053416,0.40781671543093323,0.09215895309625288,0.11191350177377751,1,29.840977423063045,74.90698219362642,59.34309473700743,Medium
146,baseline-seed,1788274454.2871733,0.85,0.2,0.45,0.35,1,16.884868624927,74.16011600742243,20.946217696760385,Low
147,baseline-seed,1788274454.2871733,0.5197327160352355,0.5055450837108462,-0.042917889009060683,0.028012395176359655,1,12.249465080490278,88.67169662019755,91.9015586140051,High
148,baseline-seed,1788274454.2871733,0.5795730823330669,0.5104738704531186,-0.01516457808626162,0.1592273320077226,1,32.021858648695684,72.13196506267543,51.803306761659414,Medium
149,baseline-seed,1788274454.2871733,0.15,0.2,-0.45,-0.35,1,22.39309354414985,66.16005083097767,36.04050197766479,Low
150,baseline-seed,1788274454.2871733,0.5252963095622208,0.529176633488802,0.031090498110859822,-0.06280898879561826,1,14.887791175520213,86.28214902657288,98.34627150924486,High
151,baseline-seed,1788274454.2871733,0.47445216886900754,0.5364252868594794,0.20516549424213598,0.10717634013322418,1,31.518923523324297,86.131222957229,65.81080080105721,Medium
152,baseline-seed,1788274454.2871733,0.85,0.8,0.45,0.35,0,24.57699854572562,65.53023604549006,43.45739235185247,Low
153,baseline-seed,1788274454.2881725,0.5171847287653034,0.5062306306148934,0.013578941859768674,-0.05106994303281238,1,19.323906380704337,85.47524370020119,93.9484053449368,High
154,baseline-seed,1788274454.2881725,0.6157311785213668,0.5372036574420526,0.21032555500281142,0.09517505357746045,1,32.97914218095592,76.3820094648651,69.89397137961626,Medium
155,baseline-seed,1788274454.2881725,0.15,0.8,-0.45,0.35,0,9.822675431091152,61.92383004073023,30.63670613863815,Low
156,baseline-seed,1788274454.2881725,0.5502302450229408,0.4731617809334149,-0.009343582208067953,-0.017589242330967,1,16.315930339002698,96.07012430774549,86.37505005864139,High
157,baseline-seed,1788274454.2881725,0.649421201933671,0.5669819323237131,0.01204291428595812,0.13513020765151476,1,22.317210160234993,87.4019774780186,50.51046586040929,Medium
158,baseline-seed,1788274454.2881725,0.15,0.2,-0.45,0.35,1,36.951329430946615,84.94835276333343,15.431319879875247,Low
159,baseline-seed,1788274454.2891734,0.4793084619959851,0.5422804232055674,0.11494490618096252,-0.014513542417586362,1,18.98941691349071,98.77716856879013,95.36546827729036,High
160,baseline-seed,1788274454.2891734,0.4454543739893416,0.44448406000035123,0.05018954981031913,0.1476194765188212,1,23.43616347070813,77.09244315281553,56.893735799697964,Medium
161,baseline-seed,1788274454.2891734,0.85,0.8,0.45,-0.35,0,5.714957389336552,84.6930597434008,18.822017884377942,Low
162,baseline-seed,1788274454.290172,0.5620200197125631,0.47004937877783626,0.04921611992382919,-0.008559553769020359,1,19.55785617833128,91.54362115749818,92.26822778421416,High
163,baseline-seed,1788274454.290172,0.6733682331506908,0.6472665134672629,-0.0055968270125874575,0.10443777784441409,1,24.294864416071608,74.4097241814035,54.47451829146211,Medium
164,baseline-seed,1788274454.290172,0.15,0.8,0.45,-0.35,0,43.764105205632454,82.09464712408564,40.82110046058937,Low
165,baseline-seed,1788274454.290172,0.5568201699195942,0.4828776111875157,-0.041617778655211435,0.018856622255456163,1,18.526664999924943,88.14216800571324,84.47635229645246,High
166,baseline-seed,1788274454.290172,0.7685901092026166,0.6062702980939987,0.052791193713332935,0.10988186964622844,1,33.406991214194946,75.31200085177412,53.1083581107873,Medium
167,baseline-seed,1788274454.290172,0.15,0.2,-0.45,0.35,1,37.38064298899512,76.38104951597555,24.23772430680213,Low
168,baseline-seed,1788274454.2911742,0.492922110900238,0.4760510826638464,-0.06896596140072636,-0.029237201597676763,1,17.787360909508678,91.9422602911028,81.62092431815296,High
169,baseline-seed,1788274454.2911742,0.6355808824677232,0.48635039224995424,-0.15846470630080672,0.047786605471389305,1,29.70130120057373,86.49361931850298,58.34742098965263,Medium
170,baseline-seed,1788274454.2911742,0.85,0.8,-0.45,-0.35,0,40.14519945420632,79.9356505401732,28.97188072497072,Low
171,baseline-seed,1788274454.2911742,0.5328192872478945,0.5152182209332189,0.053333734479457696,0.04677182361782691,1,16.948891025721473,95.53803295380698,83.17210210586147,High
172,baseline-seed,1788274454.2911742,0.5503741305122163,0.49998646076324404,0.06483677431357071,0.12969733105369152,1,32.633571313547804,86.64268355915485,62.17922561026007,Medium
173,baseline-seed,1788274454.2911742,0.15,0.8,0.45,-0.35,1,44.24744712109694,75.7953381754167,11.431357566823031,Low
174,baseline-seed,1788274454.292178,0.525819367245643,0.5648976416991638,-0.015388911747650042,0.00876601310655756,1,18.088223220016225,92.57773210146554,99.25984007717989,High
175,baseline-seed,1788274454.292178,0.6767185555285172,0.46351034511618316,0.13404366639124063,0.12451074090264558,1,22.881881768367236,76.01927133893632,66.99613012748677,Medium
176,baseline-seed,1788274454.292178,0.85,0.2,0.45,0.35,0,29.836620710699084,61.143550845312824,38.34761947070456,Low
177,baseline-seed,1788274454.292178,0.47764312610913645,0.5113163562519356,0.07827620146171703,-0.002630010442919512,1,17.466363012852042,91.24263788927448,85.47253332563332,High
178,baseline-seed,1788274454.292178,0.4816104497407348,0.5393355807107557,0.17189090677767688,0.1592385339553975,1,24.870004966253884,71.64762091231685,66.33198324979311,Medium
179,baseline-seed,1788274454.292178,0.85,0.2,-0.45,-0.35,1,11.04231567123601,70.80837002606505,41.51910048737435,Low
180,baseline-seed,1788274454.292178,0.5738654798419066,0.4678974570102154,-0.07627625854623694,-0.02767632279524978,1,19.871821183678627,90.7306760884106,97.88198407358269,High
181,baseline-seed,1788274454.292178,0.5231302455671006,0.5098527351332415,0.12593649710401242,0.08623584383617887,1,26.790842468408897,87.28716499679274,61.35703776059737,Medium
182,baseline-seed,1788274454.292178,0.85,0.8,0.45,-0.35,1,36.06387411166967,79.2730461161013,37.170462037143054,Low
183,baseline-seed,1788274454.293173,0.5257089103947018,0.5398745759039729,0.009826058485073508,0.028360150303540492,1,18.37229832780941,91.7413129211757,82.34616377924789,High
184,baseline-seed,1788274454.293173,0.6099982350671767,0.5045560289861015,0.011338304262131782,0.08103412789380839,1,28.39072910763868,71.28417874150269,63.967313645945566,Medium
185,baseline-seed,1788274454.293173,0.15,0.8,0.45,0.35,0,23.20880596327205,60.29051349770251,3.1876630629605907,Low
186,baseline-seed,1788274454.293173,0.48190774723003693,0.4272836202011313,-0.07919514117428617,0.030416586245771895,1,17.55985508901234,97.04171356064886,95.59701977786699,High
187,baseline-seed,1788274454.293173,0.5780658418321496,0.5157397168216257,0.09893424779088288,0.07580262988161279,1,34.826613712472906,72.84991085803027,61.97331568283255,Medium
188,baseline-seed,1788274454.293173,0.85,0.8,0.45,-0.35,1,5.390833896767346,68.16153270609979,22.779312308927302,Low
189,baseline-seed,1788274454.293173,0.4901129046991761,0.47954047256006604,-0.05008100049474578,-0.011244011715438196,1,16.540326786092464,94.65250956792173,96.01173398218165,High
190,baseline-seed,1788274454.2941737,0.5405229746908787,0.5233010007175685,0.14204084498786024,0.05208728106362906,1,31.184184444329716,70.63172289651284,72.46909390984855,Medium
191,baseline-seed,1788274454.2941737,0.15,0.2,0.45,-0.35,1,39.83876494984342,77.85217330331069,35.27603565507084,Low
192,baseline-seed,1788274454.2941737,0.5419821086127734,0.48394294365318297,0.06586970328171629,0.007903984187695987,1,15.6185462761464,94.01008773275134,90.52805321872226,High
193,baseline-seed,1788274454.2941737,0.5504382706542216,0.5622729637654448,0.037473900250387354,0.0682421057472268,1,32.26608059285223,83.17415551001753,61.95669719487533,Medium
194,baseline-seed,1788274454.2941737,0.85,0.8,0.45,-0.35,0,44.853356642269674,84.36982905366958,28.614330199265222,Low
195,baseline-seed,1788274454.2941737,0.5245407189092167,0.46931622304404785,-0.012868826871167256,-0.06674336295510358,1,18.946180043267045,95.18036697672831,94.85413042399962,High
196,baseline-seed,1788274454.2941737,0.4308534777352724,0.4959039552378657,-0.0049445489116377445,0.22010422615180814,1,31.428349585396774,79.73337882849405,70.96215771395985,Medium
197,baseline-seed,1788274454.2941737,0.85,0.8,0.45,-0.35,0,28.694013143734487,82.80908364041727,9.26913631624933,Low
198,baseline-seed,1788274454.2951746,0.5590616139890359,0.5414027406244235,-0.03127813507547647,0.01583214133749636,1,17.726599717456708,97.72645528931898,83.59366217740484,High
199,baseline-seed,1788274454.2951746,0.6059040102084756,0.5325106012603906,-0.01203929680302096,0.09697462889671074,1,33.31974871654265,78.90610510005331,62.355616494312564,Medium
200,baseline-seed,1788274454.2951746,0.15,0.8,0.45,-0.35,0,20.643261466070427,84.23530805838219,11.357871038849613,Low
201,baseline-seed,1788274454.2951746,0.44821274097116376,0.5348248036213555,-0.02338506006559457,0.013860155269228631,1,19.75856836062836,91.35305357937095,84.72100926692929,High
202,baseline-seed,1788274454.2951746,0.4123873981856011,0.5652504335347721,0.09925996459358195,0.17402121528256215,1,25.233285543639187,82.3428997320806,66.9626532052507,Medium
203,baseline-seed,1788274454.2951746,0.85,0.8,0.45,0.35,0,34.45608060262562,76.59511319054513,20.883758532991813,Low
204,baseline-seed,1788274454.2951746,0.5152774180892621,0.5129012494157321,0.051514172701592115,0.00955156636106054,1,13.646729680294147,86.56687467156819,85.3949922303398,High
205,baseline-seed,1788274454.2951746,0.5838708094628642,0.5087473929196246,0.10952672217842005,0.037902708128072046,1,34.14037522786276,76.32312209953501,62.17363540852142,Medium
206,baseline-seed,1788274454.2951746,0.85,0.8,0.45,0.35,1,43.60474785744182,60.12349952336024,41.879718558622514,Low
207,baseline-seed,1788274454.2961745,0.5366531069880993,0.5103946542769398,0.04990050549298261,-0.11585021512774757,1,15.910772642055361,94.33609960564546,82.79302509512625,High
208,baseline-seed,1788274454.2961745,0.504922567183532,0.5886560895705581,0.14212553220759422,0.06095718775929464,1,27.768752850959423,87.36284508755011,54.251594946737264,Medium
209,baseline-seed,1788274454.2961745,0.85,0.2,-0.45,-0.35,1,32.329921131585834,72.42936910021068,27.18527856885341,Low
210,baseline-seed,1788274454.2961745,0.5080439618685987,0.5315196318802283,0.055276296647899195,0.047481212222415206,1,13.725401219181737,94.2243965832572,87.87728811308317,High
211,baseline-seed,1788274454.2961745,0.5182697342066497,0.5677976991805705,0.20041140586224143,0.08485719739213303,1,32.171011292757555,81.34032521973336,67.72278102203184,Medium
212,baseline-seed,1788274454.2961745,0.85,0.8,-0.45,0.35,0,31.70373542254339,80.19614854853147,33.54054593017109,Low
213,baseline-seed,1788274454.2961745,0.4880974598656003,0.5412712043993486,-0.007502779351626337,0.00502305813886169,1,16.355912783686797,85.0806212469737,86.49171659800541,High
214,baseline-seed,1788274454.2961745,0.47775819332508984,0.4513755570647166,0.04918692008001217,0.1931537089293785,1,27.8330170940929,74.75088261748655,58.958042999104165,Medium
215,baseline-seed,1788274454.2961745,0.85,0.8,0.45,-0.35,1,31.72851194220065,75.48725865024036,20.39373792722518,Low
216,baseline-seed,1788274454.2971764,0.5392706194796638,0.4902550584947413,-0.12497028574367866,0.09163770290362967,1,12.205136526451486,89.77746958676619,87.60391237571714,High
217,baseline-seed,1788274454.2971764,0.6956307751666346,0.4405558075664238,0.3062895206737253,0.1435090839629045,1,31.943482400047667,86.25971477432188,67.23495382943587,Medium
218,baseline-seed,1788274454.2971764,0.15,0.2,-0.45,-0.35,0,5.302514999125685,76.18686785386507,39.51334415379942,Low
219,baseline-seed,1788274454.2971764,0.504168044158075,0.49812220616301434,-0.037698229443333814,-0.011227003074670963,1,15.886974073490606,88.59487194808712,85.69745803923846,High
220,baseline-seed,1788274454.2971764,0.6576720585547448,0.5129532032524542,-0.03296825288678881,0.12381031995092832,1,29.93433918304194,84.32301348446387,56.54297601760481,Medium
221,baseline-seed,1788274454.2971764,0.85,0.8,-0.45,0.35,0,32.24471415859931,64.53595869239068,23.10718888135065,Low
222,baseline-seed,1788274454.2971764,0.4759452942419515,0.5095934580242761,-0.07964968667658347,0.01761898951841596,1,19.703415001900638,91.76963905407895,96.11985099550316,High
223,baseline-seed,1788274454.2971764,0.5336829395844663,0.553821303619097,0.15775690665972872,0.10835292451869419,1,29.820953661902305,86.3837771885358,71.2209551203618,Medium
224,baseline-seed,1788274454.2971764,0.15,0.8,-0.45,-0.35,1,21.441138792268188,80.99653257166801,39.60101742951249,Low
225,baseline-seed,1788274454.3011723,0.4502454705843486,0.4792128440661228,-0.03592036327845987,0.035796975077777654,1,18.580914548109426,90.93233555108267,93.35099798582941,High
226,baseline-seed,1788274454.3011723,0.5991581969364717,0.5030789417855436,0.29781565033080604,0.025730743354773045,1,24.184184700683225,84.73747489888365,70.70712986103749,Medium
227,baseline-seed,1788274454.3011723,0.15,0.2,-0.45,0.35,0,30.678860017730642,75.17735090221952,24.05468615941908,Low
228,baseline-seed,1788274454.302175,0.47770032859968664,0.45890591061262764,-0.004414102417562741,0.10318837350617274,1,19.9022841617191,86.91015653579426,93.90289108095187,High
229,baseline-seed,1788274454.302175,0.4651504937429247,0.43521361448925855,0.19811071627696822,0.16624294818900123,1,34.886327918128444,72.56788578908251,52.49863158521999,Medium
230,baseline-seed,1788274454.302175,0.85,0.8,0.45,0.35,0,8.176774759559464,62.14145623991077,39.344398485221205,Low
231,baseline-seed,1788274454.302175,0.47673276344205423,0.469557298079214,-0.032463877253300355,-0.04895761067049026,1,12.555390741968747,92.26683707271579,81.3522512718443,High
232,baseline-seed,1788274454.302175,0.5302545359594887,0.5920823838903534,0.20248503311904426,0.10651256056170631,1,30.461405797613523,80.6591557310267,57.784010074769014,Medium
233,baseline-seed,1788274454.302175,0.15,0.8,0.45,0.35,1,31.473567593975144,73.94458543425063,32.14862245052683,Low
234,baseline-seed,1788274454.302175,0.47179952576966366,0.4983269276702688,0.027916345626086123,0.0030402156564964603,1,13.402423538861278,94.66006847148932,84.01867377318113,High
235,baseline-seed,1788274454.302175,0.5068032745773843,0.5548766105660217,0.24667720203072752,0.08159317642771778,1,26.518429815106767,83.29823448974436,69.09079905895351,Medium
236,baseline-seed,1788274454.302175,0.85,0.8,-0.45,-0.35,0,11.096640533216696,84.81208755395937,40.78804258866899,Low
237,baseline-seed,1788274454.3031747,0.5485239079991673,0.5042515074091971,0.11596647699908472,0.015732713575774875,1,12.712995456928134,95.5737858869553,82.55426967270469,High
238,baseline-seed,1788274454.3031747,0.620298883696994,0.5849437575990438,0.03435245294115183,0.046615233892805884,1,26.681773297129748,71.75285493527677,72.4869877527455,Medium
239,baseline-seed,1788274454.3031747,0.15,0.2,-0.45,-0.35,0,22.888101620193424,75.01485833401543,22.689894818645904,Low
240,baseline-seed,1788274454.3031747,0.49975716353840427,0.5251547232335493,0.004091467927378251,-0.003955586127645707,1,15.04498634781264,97.29164048623097,97.361133802149,High
241,baseline-seed,1788274454.3031747,0.6254752805004923,0.5859756467968896,0.07943015519547278,0.08581871577466026,1,27.2387423239471,73.47049029973017,66.67882613365907,Medium
242,baseline-seed,1788274454.3031747,0.85,0.8,0.45,0.35,1,37.899222545374435,63.31311681854621,37.928637219995395,Low
243,baseline-seed,1788274454.3031747,0.4989989216501942,0.5245329889760086,0.06951037745086568,0.02231241225407449,1,13.3987090180833,92.03592507048819,87.97326055544626,High
244,baseline-seed,1788274454.3041747,0.5502629677365679,0.4904612040378344,0.16062061362492003,0.10323930510674759,1,27.622472418291714,76.23632266170519,62.14740470816586,Medium
245,baseline-seed,1788274454.3041747,0.85,0.2,0.45,-0.35,1,13.641527300383984,75.48969887244574,28.60884806551875,Low
246,baseline-seed,1788274454.3041747,0.49146228516279167,0.5447217841054985,0.007433372860105578,-0.013483438844721574,1,19.86943140210731,88.34852145902296,82.84498737374392,High
247,baseline-seed,1788274454.3041747,0.5506220627236005,0.5075945945669094,0.1441959771488099,0.06232429079476305,1,22.809793375690816,80.18844256299579,73.92072449247144,Medium
248,baseline-seed,1788274454.3041747,0.15,0.2,-0.45,0.35,0,29.95583345166554,73.1760365977913,18.747668891176346,Low
249,baseline-seed,1788274454.3041747,0.4453248520633831,0.4932570379432195,-0.058505651302967976,-0.07207921750320079,1,18.620303164534995,95.27060132785962,95.3860978728268,High
250,baseline-seed,1788274454.3041747,0.577608762087816,0.5395411776979152,0.08867481549361564,0.09908841227380065,1,25.377571713685445,85.2057964624427,53.29063293749598,Medium
251,baseline-seed,1788274454.3041747,0.15,0.2,-0.45,-0.35,0,14.64805830398166,84.39684387275135,35.26763292285154,Low
252,baseline-seed,1788274454.3051727,0.4993876060330802,0.5173787449880326,0.005979018420707663,-0.03892275763526222,1,15.635018676479687,96.82099915835462,81.96165161568489,High
253,baseline-seed,1788274454.3051727,0.4845552036071811,0.5475946892406068,0.21345741774534915,0.0482256796749701,1,28.188235681793966,77.51776570291538,59.467430685680846,Medium
254,baseline-seed,1788274454.3051727,0.85,0.8,-0.45,0.35,1,43.21338746015713,79.67258465638238,13.87790341291256,Low
255,baseline-seed,1788274454.3051727,0.4757753784105254,0.554780291406408,0.033896293566963456,-0.019516456325828106,1,12.3074107916986,97.62466788989593,89.22954929249468,High
256,baseline-seed,1788274454.3051727,0.6928454404004126,0.6228687480344408,0.14212349335141333,0.1479699552102489,1,29.981136601880802,71.3330408112138,62.4417925266849,Medium
257,baseline-seed,1788274454.3051727,0.15,0.2,0.45,0.35,1,32.20911116833413,61.04182251505961,3.7308487060153417,Low
258,baseline-seed,1788274454.3051727,0.48538713794751565,0.5055404091759472,-0.06735631447648482,-0.038864561540426064,1,14.797625837966796,95.84514943653654,93.22741222140829,High
259,baseline-seed,1788274454.3051727,0.5438872273919488,0.5238367907410073,0.14260348208854345,0.057528839395409016,1,31.936844608882566,75.30092856650008,50.502679064741905,Medium
260,baseline-seed,1788274454.3051727,0.85,0.8,0.45,-0.35,0,35.768925913525344,75.61658922135659,16.80534414472742,Low
261,baseline-seed,1788274454.3061755,0.4870928064463146,0.4924750095063486,0.0664097070924529,0.022249200376026398,1,17.151234028329046,92.42422986548821,80.83902446863273,High
262,baseline-seed,1788274454.3061755,0.6964494952064892,0.65795629450114,0.1796641000848323,0.13560575039161654,1,30.534221895309535,72.561914927324,58.118420143867965,Medium
263,baseline-seed,1788274454.3061755,0.85,0.8,-0.45,-0.35,0,22.28307531776784,70.98512474236131,26.96934162975912,Low
264,baseline-seed,1788274454.307176,0.4911498550565691,0.49169560100333237,0.015370334890455037,0.03262948850157187,1,14.28725431391328,96.42325714556064,97.22739992726872,High
265,baseline-seed,1788274454.307176,0.6470050162686698,0.5011812786364196,0.21709851501806735,0.09159742888346573,1,31.47037880310097,85.5289489299945,65.74788410434572,Medium
266,baseline-seed,1788274454.307176,0.15,0.8,0.45,0.35,1,42.495522659884756,61.07934339492529,7.2518518920952335,Low
267,baseline-seed,1788274454.307176,0.5159875180701057,0.48045929318624514,-0.026430834087487844,0.023454560750203732,1,16.046821543614634,96.7698423921568,94.65603089532502,High
268,baseline-seed,1788274454.307176,0.7640328068357576,0.6145259837863023,-0.0319341110332374,0.10470576394111857,1,29.34528590716721,83.7777060410018,70.95974998065938,Medium
269,baseline-seed,1788274454.307176,0.15,0.2,0.45,-0.35,0,23.462298976791594,60.23329049567733,10.853870038951413,Low
270,baseline-seed,1788274454.3081777,0.491639069708559,0.474484386373721,-0.029026172490236136,0.023543136176824384,1,16.44067959441829,95.26299814441545,92.31970900520358,High
271,baseline-seed,1788274454.3081777,0.5388286760625483,0.4833865968094241,0.14223864517941667,0.18728863869950457,1,22.067984976057865,85.21981520056188,50.84747251856574,Medium
272,baseline-seed,1788274454.3081777,0.15,0.8,0.45,-0.35,1,19.71763005208338,68.17329040845198,6.551074214627565,Low
273,baseline-seed,1788274454.3081777,0.5288952543131109,0.488815005437247,0.08634819256167026,-0.015985447424584093,1,19.089566243720597,93.30262067861497,87.83051396355658,High
274,baseline-seed,1788274454.3081777,0.714487385194439,0.5049456670131932,0.21332388727816048,0.06562013170054325,1,23.20887831770072,81.7640453389678,61.54334935726697,Medium
275,baseline-seed,1788274454.3081777,0.85,0.2,0.45,-0.35,1,27.45938351838095,74.01650236040427,26.55345733024401,Low
276,baseline-seed,1788274454.3091726,0.5409625010324585,0.5177758084760355,0.03891805380833189,-0.022047428653141337,1,15.986045458107629,86.07881590788064,81.17101858487959,High
277,baseline-seed,1788274454.3091726,0.6692721642692289,0.5110440653154446,0.1958260642269773,0.1409220670026356,1,28.72449773374092,78.80397995910981,53.538860640950816,Medium
278,baseline-seed,1788274454.3091726,0.15,0.2,-0.45,-0.35,0,13.82447810844845,74.95563235159347,32.369177026524355,Low
279,baseline-seed,1788274454.3091726,0.4590325270268318,0.5556227769900256,0.06105168477626765,0.023283908138744633,1,12.946689527387099,90.73866845574804,96.79604571271234,High
280,baseline-seed,1788274454.3091726,0.675891309759284,0.43375826101141246,0.019732144550249117,0.12091866066005325,1,26.70906074147975,76.69022577483864,50.62872100476955,Medium
281,baseline-seed,1788274454.3091726,0.15,0.8,0.45,0.35,0,25.72315064955262,67.46813933971933,41.389886785074985,Low
282,baseline-seed,1788274454.3101752,0.48135853992527033,0.45215890798199615,0.025680005328485828,-0.021308033586476455,1,15.665495093903141,91.76156420919497,82.66959944831888,High
283,baseline-seed,1788274454.3101752,0.5964549099968547,0.5272927568892125,-0.1097026130365969,0.09034570551704843,1,31.483606972481155,85.3102579798222,53.81379602406449,Medium
284,baseline-seed,1788274454.3101752,0.85,0.8,0.45,-0.35,1,31.27820625068558,83.91536552708645,3.034152719682532,Low
285,baseline-seed,1788274454.3101752,0.4959938369408019,0.49388978749469103,-0.04389912933782805,-0.0330752141615944,1,19.250036644168294,88.49364679789309,85.43899452257261,High
286,baseline-seed,1788274454.3101752,0.5556935321611027,0.6440862876830926,0.0779137574230433,0.09915882770454468,1,22.81449164491961,88.12874906688822,53.341888906822284,Medium
287,baseline-seed,1788274454.3101752,0.85,0.8,-0.45,-0.35,0,40.9933338274909,60.54558491938724,29.20674619172592,Low
288,baseline-seed,1788274454.3101752,0.5026796286889949,0.5154781765311229,-0.07812729284432714,-0.021162107093851794,1,17.846567719845837,98.73815926696145,85.13060124888496,High
289,baseline-seed,1788274454.3101752,0.4911680386163183,0.5840233310432862,0.013347415147707598,0.24488745991951788,1,34.636069285209985,82.17054545392934,58.38815293008365,Medium
290,baseline-seed,1788274454.3101752,0.15,0.2,0.45,-0.35,0,15.03866645361192,81.26540144602845,24.6938026844311,Low
291,baseline-seed,1788274454.311172,0.45936712724086415,0.5018503954954392,0.02144082501652865,0.027724224290525762,1,12.541346895200013,94.90969136121676,90.87076434685292,High
292,baseline-seed,1788274454.311172,0.5733881771969448,0.5002589848204982,0.01869275954994365,0.09652096315406596,1,34.294075911003674,86.99950742961323,66.0565360958986,Medium
293,baseline-seed,1788274454.311172,0.85,0.8,0.45,-0.35,1,26.817274776276218,61.55682764704714,22.550116545894596,Low
294,baseline-seed,1788274454.311172,0.4926841423558064,0.5412462925744456,-0.032298208956226766,-0.03196768026601014,1,13.317650827458367,89.62301090820097,95.1350301137727,High
295,baseline-seed,1788274454.311172,0.464309757395187,0.5556996250813783,0.09116212766363233,0.13068493005579723,1,27.866111474352845,89.69979312281751,68.52829943143976,Medium
296,baseline-seed,1788274454.311172,0.15,0.8,-0.45,0.35,1,41.368808234462406,73.46754494881786,21.90375035350877,Low
297,baseline-seed,1788274454.311172,0.5119501163346275,0.47744626849714444,-0.021317879810277166,0.04593782836787019,1,18.20489480740262,98.50267315461136,84.07532918255379,High
298,baseline-seed,1788274454.311172,0.43353852412841065,0.5620391082373413,0.1490056652021188,0.18210531726836052,1,30.24957142815395,85.95828319231788,59.503291343898915,Medium
299,baseline-seed,1788274454.311172,0.85,0.8,0.45,0.35,0,32.835964726752096,79.83153376095636,13.937513790971174,Low
300,baseline-seed,1788274454.3121753,0.4866089867157384,0.4878905461027401,-0.04775612896746765,0.016943962623738443,1,15.522587346946793,93.61417235097723,81.66928169978766,High
301,baseline-seed,1788274454.3121753,0.5953216771092772,0.5644742882593209,0.1617036232476605,0.10034863351254701,1,27.430892730576296,89.68220638072995,66.03007997128705,Medium
302,baseline-seed,1788274454.3121753,0.15,0.8,0.45,0.35,1,22.099587516824606,64.05583514456198,0.5547308789333978,Low
303,baseline-seed,1788274454.3121753,0.54749544206259,0.5776869092605584,0.028981658660678783,0.013031852663286658,1,12.635252677144237,95.24095086476507,83.74823888195165,High
304,baseline-seed,1788274454.3121753,0.6016779631076954,0.5682515751732053,0.2646300927039352,0.12104711054528856,1,26.08655147138873,79.4233579786563,69.71928554505132,Medium
305,baseline-seed,1788274454.3121753,0.85,0.2,-0.45,0.35,1,38.12997009748874,68.38020118427181,7.645510097972727,Low
306,baseline-seed,1788274454.3121753,0.5336248010601821,0.5164020070460413,-0.011946604958484716,-0.014672976472587503,1,13.135775918087951,89.87117976215033,89.00701957810826,High
307,baseline-seed,1788274454.3121753,0.6410872880495885,0.6254235974013456,-0.0014759155171792243,0.17463117595517888,1,32.93881819010188,79.42574334796329,73.49851851236372,Medium
308,baseline-seed,1788274454.3121753,0.15,0.2,0.45,-0.35,1,18.00416061726796,77.15817991715244,3.0642105191458526,Low
309,baseline-seed,1788274454.3131733,0.5113315148618457,0.4922328507888777,0.029334690073763738,-0.018996146264900978,1,14.234208707635283,94.00034674082191,93.88301147019662,High
310,baseline-seed,1788274454.3131733,0.42511077490571025,0.5575508181771615,0.20229460885571138,0.02099506919067659,1,34.19796263983027,87.42408964526103,68.38555463684726,Medium
311,baseline-seed,1788274454.3131733,0.15,0.8,-0.45,-0.35,0,41.28780122823319,76.76830779764585,24.659387763139357,Low
312,baseline-seed,1788274454.3131733,0.49469465014469705,0.47076412085988073,0.05535403346434864,-0.00481524655814393,1,16.373185761502306,90.32560768558574,99.53600657021319,High
313,baseline-seed,1788274454.3131733,0.5649972703956101,0.4934460765134161,0.1022511276963755,0.12530106809586666,1,33.15844179838857,75.84436460923796,71.85848387945396,Medium
314,baseline-seed,1788274454.3131733,0.85,0.2,-0.45,0.35,0,43.51241428296104,78.16677480175808,13.409048196989866,Low
315,baseline-seed,1788274454.3131733,0.4785614621954381,0.5242417339484343,0.018364365670067034,0.0735273470718049,1,12.772275761563527,88.38651359562374,80.2480807255463,High
316,baseline-seed,1788274454.3131733,0.4291839958383106,0.5322239533894672,-0.008510160448734427,0.14675404205881648,1,25.8989484495908,84.86386397463207,51.155428063480485,Medium
317,baseline-seed,1788274454.3131733,0.85,0.8,0.45,0.35,1,28.72886280429537,82.3075624534913,8.154527899263435,Low
318,baseline-seed,1788274454.3131733,0.49582203125850116,0.4949353483042997,0.0035026081556590693,0.04647513210432762,1,12.509127274293139,96.63922920139994,91.97957016354421,High
319,baseline-seed,1788274454.3131733,0.6012124421839109,0.5885158320976931,0.17226265385996303,0.2612520619418176,1,27.595556334172873,76.33893175582239,60.430303060609084,Medium
320,baseline-seed,1788274454.3141727,0.15,0.2,-0.45,-0.35,1,22.73520057516751,75.17723946796885,27.777532336047503,Low
321,baseline-seed,1788274454.3141727,0.5655985811748557,0.5222638247321567,0.0037716819450796402,-0.06407863247588674,1,12.833798422466781,90.38315858702738,89.75334137242528,High
322,baseline-seed,1788274454.3141727,0.6139387407769519,0.5586003500563739,0.23832631787246084,0.13666861927897256,1,28.581458773437635,82.68208062752663,51.70237318721056,Medium
323,baseline-seed,1788274454.3141727,0.15,0.8,-0.45,-0.35,1,6.8259498200953495,63.50060243883294,12.179829542817455,Low
324,baseline-seed,1788274454.3141727,0.44374730145312663,0.49750683282113917,-0.07523601870155011,0.030402238547584105,1,13.655940627507414,92.2320167982437,80.11011598320842,High
325,baseline-seed,1788274454.3141727,0.6667583666458456,0.5153481943895468,0.15841169089778956,0.26385203399341406,1,25.81535470170558,88.63507438865634,59.5283609896926,Medium
326,baseline-seed,1788274454.3141727,0.15,0.2,-0.45,-0.35,0,18.808925712067683,72.68529846794522,38.46579108614773,Low
327,baseline-seed,1788274454.3141727,0.5760476274301203,0.4981801755855614,-0.03542033834552314,-0.06054857570451309,1,15.374625428310651,90.75429505371764,98.1522200511311,High
328,baseline-seed,1788274454.3151727,0.6417617249602738,0.6418794246747682,0.1936998147928276,0.06745766071367226,1,34.415786649304856,86.42396565100452,50.03756252459535,Medium
329,baseline-seed,1788274454.3151727,0.15,0.8,-0.45,0.35,0,7.3809880139108675,75.0948863237347,30.2099561936747,Low
330,baseline-seed,1788274454.3151727,0.4892587740837667,0.47326423323754135,-0.10759077006646525,-0.028766132769696806,1,12.968200003881545,90.86526906262466,95.02356095616837,High
331,baseline-seed,1788274454.3151727,0.620953927282342,0.5399015059622759,0.21811241150963073,0.16942578312783751,1,26.704959880892247,81.87321582417077,50.24314841666584,Medium
332,baseline-seed,1788274454.3151727,0.85,0.2,0.45,-0.35,1,39.947943738653805,78.09932638665234,5.304570321762371,Low
333,baseline-seed,1788274454.3151727,0.45425095170717356,0.5032567911732957,-0.00166149953222304,-0.008324674290901588,1,14.36032566123325,91.80400691316645,91.54399773469102,High
334,baseline-seed,1788274454.3151727,0.42324878191274046,0.593958961643745,0.18843680069461158,0.17723946340912844,1,32.99285671886879,83.84985653338451,60.31834585736355,Medium
335,baseline-seed,1788274454.3151727,0.15,0.2,-0.45,-0.35,0,36.55940639683173,71.16048791003955,35.12873498280751,Low
336,baseline-seed,1788274454.316172,0.5115477451711943,0.5078096551631366,-0.00671543707352739,0.032432330926391285,1,14.55093454656911,93.1507824523176,87.42344846875255,High
337,baseline-seed,1788274454.316172,0.7068517194308586,0.5967740036344229,0.04105711634083639,0.18892134961694745,1,24.169182622083788,78.61058676924415,53.42225945796581,Medium
338,baseline-seed,1788274454.316172,0.85,0.2,-0.45,-0.35,0,6.017910396230035,76.14555965716211,28.0237019680087,Low
339,baseline-seed,1788274454.316172,0.4775132789368679,0.4937233437876642,-0.08417190961104752,-0.03223480265984755,1,17.416965117880075,93.48090949233766,87.2918745639508,High
340,baseline-seed,1788274454.316172,0.7313110279640271,0.5222742388809162,0.11632239936662839,0.031200117128745805,1,22.357977358303053,80.109102358209,73.13641777082486,Medium
341,baseline-seed,1788274454.316172,0.85,0.8,-0.45,0.35,0,20.51947039787478,64.00062341157985,1.0274922384401801,Low
342,baseline-seed,1788274454.316172,0.4896481574933159,0.5479594151151415,0.028045972397061938,-0.011819212721166414,1,12.929111681604205,98.38286360537447,86.27933434754706,High
343,baseline-seed,1788274454.316172,0.5991661232290566,0.6042353650442114,-0.0031733215418656008,0.010823378202982376,1,26.425032355308574,80.82815214695171,53.69948103628369,Medium
344,baseline-seed,1788274454.316172,0.15,0.2,0.45,-0.35,1,38.34599847750342,71.0110337578106,13.302662971465725,Low
345,baseline-seed,1788274454.317172,0.46848864992367045,0.48137457205246653,-0.00840719092923948,-0.018883623107885095,1,14.161981537046266,98.5298434021297,91.15417652500088,High
346,baseline-seed,1788274454.317172,0.6569137348294034,0.4405165571859557,0.10625096108293666,0.033510128128551905,1,30.14104617847383,79.77795663584902,59.64269121570378,Medium
347,baseline-seed,1788274454.317172,0.15,0.2,0.45,0.35,1,27.77509444729131,75.51651199561461,8.857732744187063,Low
348,baseline-seed,1788274454.317172,0.48138758172879786,0.4968215493708759,0.13221716735085173,-0.06011881313580613,1,13.821997888825678,98.49640386031719,98.18909221874483,High
349,baseline-seed,1788274454.317172,0.6012709038447466,0.6561470020157972,0.0910589544930549,0.11680728333816695,1,32.32473861314227,75.51535136502714,71.05017394443654,Medium
350,baseline-seed,1788274454.317172,0.85,0.8,-0.45,-0.35,1,44.23949512650741,72.08518589932866,37.996090990639985,Low
351,baseline-seed,1788274454.317172,0.42907870127172476,0.5378576450214198,-0.045286615043130946,-0.026150653545952793,1,18.09438553102158,90.41156709552239,90.22550924401503,High
352,baseline-seed,1788274454.3181722,0.7972757257850305,0.5338168881065599,0.21551650079906226,0.07978613046499054,1,31.93886133051133,81.47057902911146,72.94513144668639,Medium
353,baseline-seed,1788274454.3181722,0.85,0.2,-0.45,0.35,1,22.56599266534993,81.17422135517651,39.29596902859826,Low
354,baseline-seed,1788274454.3181722,0.5237422688912344,0.4117883409600716,0.03279503882648805,0.007789447788750994,1,12.152928755438111,91.67580855644944,93.75444084861121,High
355,baseline-seed,1788274454.3181722,0.6561568290807841,0.6160693457348372,0.08720315969177812,0.05517531524190151,1,26.663301830421176,86.0887441535901,56.69023693794927,Medium
356,baseline-seed,1788274454.3181722,0.85,0.8,-0.45,0.35,0,44.91283422727913,76.92053247143488,36.45264917576115,Low
357,baseline-seed,1788274454.3181722,0.5290038314739199,0.5154853486134487,-0.032074079761147616,0.017276901786957625,1,18.02742337805575,95.76491894950698,93.17081031340109,High
358,baseline-seed,1788274454.3181722,0.6267602572895447,0.5769793543975511,0.05863563947434587,0.11270902473846868,1,28.33916152567374,71.5529866934321,59.781032744778344,Medium
359,baseline-seed,1788274454.3181722,0.85,0.2,0.45,-0.35,0,9.439923951652593,80.20588025023055,41.69827314243671,Low
360,baseline-seed,1788274454.319173,0.4242554133218486,0.5063988112211881,6.0273768111211846e-05,-0.032683545242727624,1,18.35612435592599,94.89921068173378,81.00452022927948,High
361,baseline-seed,1788274454.319173,0.5670908501592375,0.5074256624228066,0.04015761302562236,0.05419411959099971,1,25.653058485813276,86.0696548659377,72.3014732871645,Medium
362,baseline-seed,1788274454.319173,0.85,0.2,-0.45,0.35,0,24.057479453751665,65.65072494539999,28.180945855737136,Low
363,baseline-seed,1788274454.319173,0.5023973052106532,0.5083213081387458,0.06803292979193255,-0.05235281596476449,1,12.9833654277231,97.44122712371558,90.06167901559672,High
364,baseline-seed,1788274454.319173,0.7549991063499365,0.4725781309274299,0.06808688949820009,0.11134554963034313,1,30.874023875904232,74.8386336063106,67.13486318015816,Medium
365,baseline-seed,1788274454.319173,0.85,0.2,0.45,-0.35,1,25.806795692430047,63.571899033485295,34.115230617737964,Low
366,baseline-seed,1788274454.319173,0.4989770275123202,0.44692772285332644,-0.03473565655445291,-0.01637129752452416,1,17.03646157513389,85.76064848752065,94.972904682524,High
367,baseline-seed,1788274454.320171,0.5299047974222746,0.5509227388823263,0.1964077103553181,0.03802784628477678,1,22.814965081084257,86.78676984712004,50.09167814380599,Medium
368,baseline-seed,1788274454.320171,0.15,0.8,-0.45,0.35,0,9.07569552264054,69.00584797001069,11.897304600919124,Low
369,baseline-seed,1788274454.320171,0.4809511650582136,0.5262316754213818,0.01312806645009625,0.007743596454701775,1,15.470539356612235,97.73920401396148,87.54636107926386,High
370,baseline-seed,1788274454.320171,0.5747561914575195,0.6689015083840018,0.2455022883282279,0.020314224253975124,1,31.150142191246303,70.08726539300618,54.00687412993277,Medium
371,baseline-seed,1788274454.320171,0.15,0.2,-0.45,-0.35,1,35.44151161003132,83.76931769328345,30.911782067531504,Low
372,baseline-seed,1788274454.320171,0.475293924182626,0.4905178143191885,0.030788557488557078,0.04815537748675265,1,12.38548809914637,90.0407065226137,99.13599630968572,High
373,baseline-seed,1788274454.320171,0.3533984343379033,0.551013442974549,0.004681435071217793,0.08743284606105547,1,26.793193221242337,77.39626511974353,51.25652048449934,Medium
374,baseline-seed,1788274454.320171,0.15,0.2,0.45,-0.35,1,39.01392004479582,65.29985136746645,28.923553215485658,Low
392,feb9ef61-ffd1-4298-a0ac-fda396b820b2,1788274577.4643588,0.443,0.43,0.269,-0.154,1,4.1,98.0,52.5,Medium
393,feb9ef61-ffd1-4298-a0ac-fda396b820b2,1788274578.478719,0.438,0.412,0.252,-0.159,1,4.1,98.0,47.8,Medium
394,feb9ef61-ffd1-4298-a0ac-fda396b820b2,1788274579.4913683,0.449,0.433,0.093,-0.202,1,4.1,98.0,48.0,Medium
395,feb9ef61-ffd1-4298-a0ac-fda396b820b2,1788274580.5084155,0.445,0.413,0.063,-0.209,1,4.0,98.0,53.8,Medium
396,feb9ef61-ffd1-4298-a0ac-fda396b820b2,1788274581.5248346,0.444,0.401,0.193,-0.184,1,4.0,98.0,50.2,Medium
397,feb9ef61-ffd1-4298-a0ac-fda396b820b2,1788274582.5373352,0.437,0.42,0.192,-0.167,1,4.0,98.0,47.5,Medium
398,feb9ef61-ffd1-4298-a0ac-fda396b820b2,1788274583.54993,0.433,0.387,0.24,-0.15,1,4.0,98.0,41.4,Low
399,feb9ef61-ffd1-4298-a0ac-fda396b820b2,1788274584.569618,0.445,0.426,0.146,-0.189,1,3.9,98.0,53.0,Medium
400,feb9ef61-ffd1-4298-a0ac-fda396b820b2,1788274585.5908878,0.498,0.392,-0.028,-0.253,1,3.9,98.0,63.7,Medium
401,feb9ef61-ffd1-4298-a0ac-fda396b820b2,1788274586.6305249,0.444,0.45,0.053,-0.207,1,4.3,98.0,61.0,Medium
402,feb9ef61-ffd1-4298-a0ac-fda396b820b2,1788274587.6429746,0.45,0.432,0.187,-0.18,1,4.3,98.0,55.4,Medium
403,feb9ef61-ffd1-4298-a0ac-fda396b820b2,1788274588.6586816,0.446,0.416,0.25,-0.213,1,4.2,98.0,51.5,Medium
404,feb9ef61-ffd1-4298-a0ac-fda396b820b2,1788274589.682225,0.452,0.452,0.244,-0.186,1,4.2,98.0,57.2,Medium
405,feb9ef61-ffd1-4298-a0ac-fda396b820b2,1788274590.7219803,0.448,0.447,0.23,-0.168,1,4.2,98.0,52.5,Medium
406,feb9ef61-ffd1-4298-a0ac-fda396b820b2,1788274591.734086,0.453,0.413,0.276,-0.193,1,4.1,98.0,48.3,Medium
407,feb9ef61-ffd1-4298-a0ac-fda396b820b2,1788274592.7541075,0.443,0.419,0.289,-0.161,1,4.1,98.0,48.9,Medium
408,feb9ef61-ffd1-4298-a0ac-fda396b820b2,1788274593.7614326,0.448,0.477,0.231,-0.162,1,4.5,98.0,40.4,Low
409,feb9ef61-ffd1-4298-a0ac-fda396b820b2,1788274594.7708392,0.456,0.458,0.082,-0.038,1,4.5,65.9,50.7,Medium
410,feb9ef61-ffd1-4298-a0ac-fda396b820b2,1788274595.7793248,0.462,0.418,0.106,-0.09,1,4.4,71.4,36.9,Low
411,feb9ef61-ffd1-4298-a0ac-fda396b820b2,1788274596.7902277,0.451,0.412,-0.064,-0.017,1,4.4,98.0,43.5,Low
412,feb9ef61-ffd1-4298-a0ac-fda396b820b2,1788274597.7965524,0.474,0.427,-0.13,-0.045,1,4.4,83.3,36.9,Low
413,feb9ef61-ffd1-4298-a0ac-fda396b820b2,1788274598.8103962,0.452,0.434,-0.125,-0.037,1,4.3,98.0,38.3,Low
414,feb9ef61-ffd1-4298-a0ac-fda396b820b2,1788274599.8187728,0.454,0.396,-0.104,-0.063,1,4.3,98.0,38.6,Low
415,feb9ef61-ffd1-4298-a0ac-fda396b820b2,1788274600.8776054,0.448,0.469,-0.01,-0.083,1,4.3,98.0,46.7,Medium
416,feb9ef61-ffd1-4298-a0ac-fda396b820b2,1788274601.9684954,0.45,0.432,-0.126,-0.036,1,4.6,98.0,45.3,Medium
417,feb9ef61-ffd1-4298-a0ac-fda396b820b2,1788274603.1438804,0.454,0.412,-0.117,-0.046,1,4.6,98.0,44.9,Low
418,feb9ef61-ffd1-4298-a0ac-fda396b820b2,1788274604.1487527,0.469,0.438,-0.156,-0.051,1,4.6,92.1,42.6,Low
419,feb9ef61-ffd1-4298-a0ac-fda396b820b2,1788274605.1603448,0.46,0.414,-0.103,-0.049,1,4.6,98.0,42.9,Low
420,feb9ef61-ffd1-4298-a0ac-fda396b820b2,1788274606.1658187,0.448,0.403,0.138,-0.066,1,4.5,98.0,41.8,Low
421,feb9ef61-ffd1-4298-a0ac-fda396b820b2,1788274607.1716995,0.463,0.456,0.204,-0.015,1,4.5,98.0,49.4,Medium
422,feb9ef61-ffd1-4298-a0ac-fda396b820b2,1788274608.1824489,0.46,0.473,0.166,-0.045,1,4.5,98.0,46.4,Medium
423,feb9ef61-ffd1-4298-a0ac-fda396b820b2,1788274609.1947234,0.462,0.454,0.0,-0.019,1,4.4,98.0,49.6,Medium
424,feb9ef61-ffd1-4298-a0ac-fda396b820b2,1788274610.2009048,0.467,0.436,-0.001,-0.071,1,4.4,98.0,38.9,Low
425,feb9ef61-ffd1-4298-a0ac-fda396b820b2,1788274611.2117906,0.457,0.426,-0.025,-0.07,1,4.4,98.0,48.9,Medium
426,feb9ef61-ffd1-4298-a0ac-fda396b820b2,1788274612.256652,0.466,0.412,-0.095,-0.025,1,4.4,98.0,45.3,Medium
427,feb9ef61-ffd1-4298-a0ac-fda396b820b2,1788274613.2722893,0.457,0.388,-0.101,-0.043,1,4.7,98.0,31.8,Low
428,feb9ef61-ffd1-4298-a0ac-fda396b820b2,1788274614.2954519,0.445,0.407,-0.097,-0.008,1,4.7,98.0,43.9,Low
429,feb9ef61-ffd1-4298-a0ac-fda396b820b2,1788274615.3050296,0.469,0.414,-0.109,-0.029,1,4.6,98.0,38.3,Low
430,feb9ef61-ffd1-4298-a0ac-fda396b820b2,1788274616.3106132,0.459,0.421,-0.036,-0.059,1,5.0,98.0,38.7,Low
431,feb9ef61-ffd1-4298-a0ac-fda396b820b2,1788274617.3158276,0.458,0.437,0.122,-0.054,1,4.9,98.0,42.2,Low
432,feb9ef61-ffd1-4298-a0ac-fda396b820b2,1788274618.3214598,0.46,0.425,-0.014,-0.066,1,4.9,98.0,47.5,Medium
433,feb9ef61-ffd1-4298-a0ac-fda396b820b2,1788274619.3301384,0.459,0.45,0.013,-0.073,1,4.9,64.6,48.2,Medium
434,feb9ef61-ffd1-4298-a0ac-fda396b820b2,1788274620.3366404,0.461,0.38,0.0,-0.106,1,4.8,98.0,49.9,Medium
435,feb9ef61-ffd1-4298-a0ac-fda396b820b2,1788274621.343377,0.453,0.435,-0.036,-0.093,1,4.8,98.0,46.5,Medium
436,feb9ef61-ffd1-4298-a0ac-fda396b820b2,1788274622.3680325,0.465,0.414,-0.054,-0.088,1,4.8,98.0,43.1,Low
437,feb9ef61-ffd1-4298-a0ac-fda396b820b2,1788274623.382494,0.467,0.437,0.017,-0.068,1,4.8,98.0,42.6,Low
438,feb9ef61-ffd1-4298-a0ac-fda396b820b2,1788274624.3969097,0.457,0.439,0.099,-0.096,1,4.7,98.0,48.3,Medium
439,feb9ef61-ffd1-4298-a0ac-fda396b820b2,1788274625.4129567,0.466,0.442,0.023,-0.07,1,5.0,98.0,44.5,Low
440,feb9ef61-ffd1-4298-a0ac-fda396b820b2,1788274626.4232476,0.462,0.417,0.017,-0.077,1,5.0,98.0,41.2,Low
441,feb9ef61-ffd1-4298-a0ac-fda396b820b2,1788274627.4414551,0.465,0.466,0.115,-0.016,1,5.0,98.0,48.6,Medium
442,feb9ef61-ffd1-4298-a0ac-fda396b820b2,1788274628.4553409,0.454,0.425,0.301,-0.034,1,5.3,98.0,37.9,Low
443,feb9ef61-ffd1-4298-a0ac-fda396b820b2,1788274629.4673772,0.487,-0.143,0.395,0.103,1,5.6,79.0,25.4,Low
444,feb9ef61-ffd1-4298-a0ac-fda396b820b2,1788274630.4796538,0.468,0.367,0.266,-0.353,1,5.6,67.2,31.7,Low
445,feb9ef61-ffd1-4298-a0ac-fda396b820b2,1788274631.4899707,0.468,0.367,0.266,-0.353,1,5.5,67.2,0.0,Low
446,feb9ef61-ffd1-4298-a0ac-fda396b820b2,1788274632.7214572,0.468,0.367,0.266,-0.353,1,5.5,67.2,0.0,Low
447,feb9ef61-ffd1-4298-a0ac-fda396b820b2,1788274633.728472,0.5,0.559,-0.089,-0.391,1,5.5,78.2,0.0,Low
448,feb9ef61-ffd1-4298-a0ac-fda396b820b2,1788274634.7419608,0.5,0.559,-0.089,-0.391,1,5.4,78.2,0.0,Low
449,feb9ef61-ffd1-4298-a0ac-fda396b820b2,1788274635.7486618,0.5,0.559,-0.089,-0.391,1,5.4,78.2,0.0,Low
450,feb9ef61-ffd1-4298-a0ac-fda396b820b2,1788274636.7582283,0.485,0.404,0.187,-0.038,1,5.7,98.0,28.4,Low
451,feb9ef61-ffd1-4298-a0ac-fda396b820b2,1788274637.8281112,0.471,0.066,0.106,0.139,0,6.0,67.1,2.4,Low
452,feb9ef61-ffd1-4298-a0ac-fda396b820b2,1788274638.8730729,0.486,0.026,0.04,0.059,0,6.3,62.9,0.0,Low
453,feb9ef61-ffd1-4298-a0ac-fda396b820b2,1788274639.9099529,0.505,0.236,0.111,0.148,0,6.2,66.7,0.0,Low
454,feb9ef61-ffd1-4298-a0ac-fda396b820b2,1788274640.9329464,0.494,0.128,0.159,0.031,0,6.2,74.4,0.0,Low
455,feb9ef61-ffd1-4298-a0ac-fda396b820b2,1788274641.9700463,0.488,-0.046,0.106,0.133,0,6.2,93.3,0.0,Low
456,feb9ef61-ffd1-4298-a0ac-fda396b820b2,1788274642.976264,0.488,-0.046,0.106,0.133,0,6.1,93.3,0.0,Low
457,feb9ef61-ffd1-4298-a0ac-fda396b820b2,1788274643.9821134,0.461,0.472,0.276,-0.486,1,6.1,55.0,60.6,Medium
458,feb9ef61-ffd1-4298-a0ac-fda396b820b2,1788274645.0305152,0.438,0.401,0.529,-0.128,1,6.1,98.0,43.4,Low
459,feb9ef61-ffd1-4298-a0ac-fda396b820b2,1788274646.0449271,0.428,0.402,0.294,-0.227,1,6.0,77.8,44.9,Low
460,feb9ef61-ffd1-4298-a0ac-fda396b820b2,1788274647.0603907,0.5,-0.296,0.355,-0.275,0,6.3,58.9,33.7,Low
461,feb9ef61-ffd1-4298-a0ac-fda396b820b2,1788274648.097866,-0.246,-4.535,-1.0,1.0,1,6.3,55.0,5.0,Low
462,feb9ef61-ffd1-4298-a0ac-fda396b820b2,1788274649.1211905,0.537,1.94,-0.408,0.178,0,6.5,89.8,0.4,Low
463,feb9ef61-ffd1-4298-a0ac-fda396b820b2,1788274650.133794,0.467,-0.303,-0.046,0.196,1,6.8,85.3,0.0,Low
464,feb9ef61-ffd1-4298-a0ac-fda396b820b2,1788274651.1458921,0.434,0.19,0.243,0.052,1,7.3,63.2,0.0,Low
465,feb9ef61-ffd1-4298-a0ac-fda396b820b2,1788274652.1519556,0.437,0.304,0.246,-0.047,1,7.6,60.9,17.6,Low
466,feb9ef61-ffd1-4298-a0ac-fda396b820b2,1788274653.1728785,0.492,0.259,0.126,0.12,0,7.9,72.0,25.0,Low
467,feb9ef61-ffd1-4298-a0ac-fda396b820b2,1788274654.19076,0.485,0.46,0.01,0.166,0,7.8,69.3,1.1,Low
468,feb9ef61-ffd1-4298-a0ac-fda396b820b2,1788274655.2031388,0.5,-0.055,0.003,0.138,0,7.8,55.0,0.0,Low
469,feb9ef61-ffd1-4298-a0ac-fda396b820b2,1788274656.2143629,0.484,-0.402,0.021,0.105,0,7.7,69.5,0.0,Low
470,feb9ef61-ffd1-4298-a0ac-fda396b820b2,1788274657.2254727,0.48,0.293,0.072,0.033,0,7.7,61.5,0.0,Low
471,feb9ef61-ffd1-4298-a0ac-fda396b820b2,1788274658.2420635,0.502,0.316,0.127,0.178,0,8.0,88.6,0.0,Low
472,feb9ef61-ffd1-4298-a0ac-fda396b820b2,1788274659.3158574,0.516,0.088,-0.088,0.202,0,7.9,55.0,2.1,Low
473,feb9ef61-ffd1-4298-a0ac-fda396b820b2,1788274660.425605,0.507,0.3,-0.16,0.214,0,7.9,63.1,0.0,Low
474,feb9ef61-ffd1-4298-a0ac-fda396b820b2,1788274661.4330728,0.495,0.836,-0.144,0.199,0,8.1,91.9,0.0,Low
475,feb9ef61-ffd1-4298-a0ac-fda396b820b2,1788274662.4473367,0.506,1.001,-0.162,0.214,0,8.1,66.2,0.0,Low
476,feb9ef61-ffd1-4298-a0ac-fda396b820b2,1788274663.573735,0.478,0.311,-0.081,0.231,0,8.0,55.0,0.0,Low
477,feb9ef61-ffd1-4298-a0ac-fda396b820b2,1788274664.7241971,0.49,0.203,-0.146,0.307,0,8.0,98.0,0.0,Low
478,feb9ef61-ffd1-4298-a0ac-fda396b820b2,1788274665.729586,0.495,0.207,-0.135,0.28,0,8.0,98.0,0.0,Low
479,feb9ef61-ffd1-4298-a0ac-fda396b820b2,1788274666.7436497,0.439,0.423,0.236,-0.024,1,7.9,98.0,20.0,Low
480,feb9ef61-ffd1-4298-a0ac-fda396b820b2,1788274667.7612977,0.519,0.652,0.056,0.138,0,8.2,98.0,13.9,Low
481,feb9ef61-ffd1-4298-a0ac-fda396b820b2,1788274668.7666585,0.489,0.341,-0.104,0.219,0,8.1,98.0,0.0,Low
482,feb9ef61-ffd1-4298-a0ac-fda396b820b2,1788274669.7710931,0.498,0.438,0.41,0.207,0,8.1,98.0,0.0,Low
483,feb9ef61-ffd1-4298-a0ac-fda396b820b2,1788274670.7770166,0.536,0.283,0.909,-0.176,1,8.3,80.2,0.0,Low
484,feb9ef61-ffd1-4298-a0ac-fda396b820b2,1788274671.8320563,0.536,0.283,0.909,-0.176,1,8.3,80.2,0.0,Low
485,feb9ef61-ffd1-4298-a0ac-fda396b820b2,1788274672.8433015,0.483,0.219,0.367,0.234,1,8.5,84.3,2.3,Low
486,feb9ef61-ffd1-4298-a0ac-fda396b820b2,1788274673.9075758,0.447,0.384,0.303,0.011,1,8.5,98.0,25.4,Low
487,feb9ef61-ffd1-4298-a0ac-fda396b820b2,1788274674.9388435,0.452,0.427,0.326,-0.117,1,8.4,98.0,48.1,Medium
488,feb9ef61-ffd1-4298-a0ac-fda396b820b2,1788274675.9610083,0.442,0.421,0.38,-0.213,1,8.4,98.0,41.1,Low
489,feb9ef61-ffd1-4298-a0ac-fda396b820b2,1788274676.966375,0.447,0.429,0.327,-0.289,1,8.4,98.0,52.7,Medium
490,feb9ef61-ffd1-4298-a0ac-fda396b820b2,1788274677.9716296,0.45,0.44,0.382,-0.209,1,8.3,98.0,52.1,Medium
491,feb9ef61-ffd1-4298-a0ac-fda396b820b2,1788274678.9787076,0.453,0.443,0.372,-0.195,1,8.3,98.0,49.5,Medium
492,feb9ef61-ffd1-4298-a0ac-fda396b820b2,1788274679.988704,0.447,0.414,0.384,-0.116,1,8.2,98.0,40.7,Low
493,feb9ef61-ffd1-4298-a0ac-fda396b820b2,1788274680.997239,0.482,0.005,0.352,0.016,0,8.5,61.7,39.9,Low
494,feb9ef61-ffd1-4298-a0ac-fda396b820b2,1788274682.0030882,0.507,0.541,-1.0,-0.18,1,8.4,55.0,0.0,Low
495,feb9ef61-ffd1-4298-a0ac-fda396b820b2,1788274683.0089092,0.507,0.541,-1.0,-0.18,1,8.4,55.0,0.0,Low
496,feb9ef61-ffd1-4298-a0ac-fda396b820b2,1788274684.0157528,0.366,0.019,-0.504,-0.039,1,8.4,55.0,0.0,Low
497,feb9ef61-ffd1-4298-a0ac-fda396b820b2,1788274685.0330365,0.366,0.019,-0.504,-0.039,1,8.3,55.0,0.0,Low
498,feb9ef61-ffd1-4298-a0ac-fda396b820b2,1788274686.064049,0.366,0.019,-0.504,-0.039,1,8.3,55.0,0.0,Low
499,feb9ef61-ffd1-4298-a0ac-fda396b820b2,1788274687.0688064,0.366,0.019,-0.504,-0.039,1,8.2,55.0,0.0,Low
500,feb9ef61-ffd1-4298-a0ac-fda396b820b2,1788274688.0762215,0.464,0.396,-0.008,-0.027,1,8.5,98.0,22.6,Low
501,feb9ef61-ffd1-4298-a0ac-fda396b820b2,1788274689.1408675,0.486,0.432,0.079,0.017,1,8.4,98.0,43.1,Low
502,feb9ef61-ffd1-4298-a0ac-fda396b820b2,1788274690.2341688,0.473,0.378,0.077,0.021,1,8.4,98.0,34.5,Low
503,feb9ef61-ffd1-4298-a0ac-fda396b820b2,1788274691.3534658,0.479,0.34,0.031,-0.019,1,8.6,98.0,43.0,Low
504,feb9ef61-ffd1-4298-a0ac-fda396b820b2,1788274692.359987,0.496,0.307,0.091,0.079,1,8.6,98.0,18.6,Low
505,feb9ef61-ffd1-4298-a0ac-fda396b820b2,1788274693.3653383,0.552,0.167,-0.358,0.029,1,9.0,79.3,19.0,Low
506,feb9ef61-ffd1-4298-a0ac-fda396b820b2,1788274694.370872,0.425,-0.779,-0.472,0.164,0,9.7,98.0,0.5,Low
507,feb9ef61-ffd1-4298-a0ac-fda396b820b2,1788274695.3792093,0.429,-0.418,-0.432,0.013,1,9.7,60.6,0.2,Low
508,feb9ef61-ffd1-4298-a0ac-fda396b820b2,1788274696.3861477,0.505,0.091,-0.553,0.026,1,9.9,68.6,0.1,Low
509,feb9ef61-ffd1-4298-a0ac-fda396b820b2,1788274697.392065,0.494,0.303,0.145,0.007,1,10.1,98.0,11.6,Low
510,feb9ef61-ffd1-4298-a0ac-fda396b820b2,1788274698.3971732,0.457,0.453,0.249,-0.152,1,10.3,98.0,51.0,Medium
511,feb9ef61-ffd1-4298-a0ac-fda396b820b2,1788274699.4171135,0.443,0.415,0.326,-0.094,1,10.2,98.0,40.0,Low
512,feb9ef61-ffd1-4298-a0ac-fda396b820b2,1788274700.4226742,0.433,0.369,0.176,0.109,1,10.4,98.0,35.5,Low
513,feb9ef61-ffd1-4298-a0ac-fda396b820b2,1788274701.4360673,0.438,0.371,0.254,0.126,1,10.4,98.0,25.4,Low
514,feb9ef61-ffd1-4298-a0ac-fda396b820b2,1788274702.4468787,0.48,0.281,0.179,-0.122,1,10.8,83.5,25.6,Low
515,feb9ef61-ffd1-4298-a0ac-fda396b820b2,1788274703.4592423,0.487,0.387,0.417,0.156,1,11.2,98.0,21.4,Low
516,feb9ef61-ffd1-4298-a0ac-fda396b820b2,1788274704.4684346,0.491,0.328,0.269,0.235,1,11.2,56.4,10.7,Low
517,feb9ef61-ffd1-4298-a0ac-fda396b820b2,1788274705.4764512,0.5,0.531,0.069,0.133,0,11.4,98.0,19.6,Low
518,feb9ef61-ffd1-4298-a0ac-fda396b820b2,1788274706.4830716,0.497,0.685,0.161,0.135,0,11.3,98.0,0.1,Low
519,feb9ef61-ffd1-4298-a0ac-fda396b820b2,1788274707.503338,0.439,0.362,0.388,0.088,1,11.3,98.0,17.4,Low
520,feb9ef61-ffd1-4298-a0ac-fda396b820b2,1788274708.5478978,0.437,0.404,0.366,0.046,1,11.2,98.0,27.9,Low
521,feb9ef61-ffd1-4298-a0ac-fda396b820b2,1788274709.5594978,0.475,0.386,0.006,-0.002,0,11.7,98.0,31.9,Low
522,feb9ef61-ffd1-4298-a0ac-fda396b820b2,1788274710.56876,0.478,1.146,0.109,0.199,0,11.6,68.5,31.9,Low
523,feb9ef61-ffd1-4298-a0ac-fda396b820b2,1788274711.6253574,0.488,0.277,0.186,0.091,1,12.0,98.0,10.6,Low
524,feb9ef61-ffd1-4298-a0ac-fda396b820b2,1788274712.6460764,0.433,0.385,0.379,-0.077,1,12.4,98.0,26.1,Low
525,feb9ef61-ffd1-4298-a0ac-fda396b820b2,1788274713.6590075,0.474,0.189,0.294,0.121,0,12.8,69.9,19.3,Low
526,feb9ef61-ffd1-4298-a0ac-fda396b820b2,1788274714.6657884,0.474,0.189,0.294,0.121,0,12.8,69.9,0.0,Low
527,feb9ef61-ffd1-4298-a0ac-fda396b820b2,1788274715.6903892,0.474,0.189,0.294,0.121,0,12.7,69.9,0.0,Low
528,feb9ef61-ffd1-4298-a0ac-fda396b820b2,1788274716.698098,0.474,0.189,0.294,0.121,0,12.7,69.9,0.0,Low
529,feb9ef61-ffd1-4298-a0ac-fda396b820b2,1788274717.7039626,0.483,-0.015,0.088,0.051,1,12.9,62.6,15.8,Low
530,feb9ef61-ffd1-4298-a0ac-fda396b820b2,1788274718.716702,0.467,-0.207,0.047,0.132,0,13.0,66.7,0.0,Low
531,feb9ef61-ffd1-4298-a0ac-fda396b820b2,1788274719.722358,0.433,0.377,0.252,0.009,1,13.0,77.5,9.7,Low
532,feb9ef61-ffd1-4298-a0ac-fda396b820b2,1788274720.768563,0.521,0.171,0.219,-0.326,0,13.2,98.0,38.4,Low
533,feb9ef61-ffd1-4298-a0ac-fda396b820b2,1788274721.805366,0.494,0.333,0.32,-0.028,0,13.3,98.0,23.2,Low
534,feb9ef61-ffd1-4298-a0ac-fda396b820b2,1788274722.8162265,0.504,-0.051,0.215,0.196,0,13.3,98.0,0.1,Low
535,feb9ef61-ffd1-4298-a0ac-fda396b820b2,1788274723.8534527,0.504,-0.051,0.215,0.196,0,13.2,98.0,0.0,Low
536,feb9ef61-ffd1-4298-a0ac-fda396b820b2,1788274724.8630507,0.391,0.23,0.052,-0.023,1,13.2,98.0,0.1,Low
537,feb9ef61-ffd1-4298-a0ac-fda396b820b2,1788274725.8734543,0.397,0.33,0.188,0.115,1,13.1,72.9,12.0,Low
538,feb9ef61-ffd1-4298-a0ac-fda396b820b2,1788274726.8853002,0.432,0.374,0.345,0.092,1,13.1,59.5,21.8,Low
539,feb9ef61-ffd1-4298-a0ac-fda396b820b2,1788274727.8916452,0.434,0.379,0.386,-0.021,1,13.0,98.0,35.2,Low
540,feb9ef61-ffd1-4298-a0ac-fda396b820b2,1788274728.9026523,0.486,0.399,0.419,-0.153,1,13.0,66.6,22.8,Low
541,feb9ef61-ffd1-4298-a0ac-fda396b820b2,1788274729.916273,0.434,0.392,0.254,-0.157,1,12.9,76.1,30.4,Low
542,feb9ef61-ffd1-4298-a0ac-fda396b820b2,1788274730.92314,0.428,0.407,0.16,-0.097,1,12.9,76.5,39.3,Low
543,feb9ef61-ffd1-4298-a0ac-fda396b820b2,1788274731.9294186,0.432,0.388,0.255,-0.155,1,12.8,63.7,34.7,Low
544,feb9ef61-ffd1-4298-a0ac-fda396b820b2,1788274732.9389422,0.441,0.384,0.237,0.022,1,12.8,98.0,24.5,Low
545,feb9ef61-ffd1-4298-a0ac-fda396b820b2,1788274733.9469981,0.423,0.383,0.379,-0.103,1,12.8,73.3,24.4,Low
546,feb9ef61-ffd1-4298-a0ac-fda396b820b2,1788274734.9577515,0.446,0.43,0.492,-0.306,1,12.7,98.0,37.4,Low
547,feb9ef61-ffd1-4298-a0ac-fda396b820b2,1788274735.9663444,0.414,0.4,0.43,-0.224,1,12.7,98.0,34.5,Low
548,feb9ef61-ffd1-4298-a0ac-fda396b820b2,1788274736.9751012,0.485,0.367,0.382,-0.626,1,12.8,55.4,44.4,Low
549,feb9ef61-ffd1-4298-a0ac-fda396b820b2,1788274737.9911263,0.491,0.143,0.044,-0.232,0,13.2,95.8,40.1,Low
550,feb9ef61-ffd1-4298-a0ac-fda396b820b2,1788274738.9977896,0.493,0.884,-0.1,0.168,0,13.2,80.3,0.0,Low
551,feb9ef61-ffd1-4298-a0ac-fda396b820b2,1788274740.0081236,0.474,0.481,0.241,-0.412,1,13.3,72.3,43.0,Low
552,feb9ef61-ffd1-4298-a0ac-fda396b820b2,1788274741.0181208,0.444,0.387,0.218,0.045,1,13.3,98.0,67.3,Medium
553,feb9ef61-ffd1-4298-a0ac-fda396b820b2,1788274742.0286543,0.493,0.0,0.175,0.22,0,13.6,78.1,18.2,Low
554,feb9ef61-ffd1-4298-a0ac-fda396b820b2,1788274743.0468814,0.477,-0.001,0.225,0.154,0,14.0,98.0,16.7,Low
555,feb9ef61-ffd1-4298-a0ac-fda396b820b2,1788274744.0659468,0.482,0.013,0.22,0.222,0,14.1,65.2,0.9,Low
556,feb9ef61-ffd1-4298-a0ac-fda396b820b2,1788274745.0725286,0.482,0.013,0.22,0.222,0,14.1,65.2,0.0,Low
557,feb9ef61-ffd1-4298-a0ac-fda396b820b2,1788274746.0791183,0.706,0.792,0.358,-0.002,1,14.0,55.0,0.0,Low
558,feb9ef61-ffd1-4298-a0ac-fda396b820b2,1788274747.0863383,0.706,0.792,0.358,-0.002,1,14.0,55.0,0.0,Low
559,feb9ef61-ffd1-4298-a0ac-fda396b820b2,1788274748.0931847,0.459,0.178,0.388,0.147,1,14.0,87.3,0.0,Low
560,feb9ef61-ffd1-4298-a0ac-fda396b820b2,1788274749.0995138,0.412,0.162,0.674,-0.202,1,13.9,59.5,0.0,Low
561,feb9ef61-ffd1-4298-a0ac-fda396b820b2,1788274750.1048017,0.453,0.354,0.353,0.042,1,14.1,98.0,19.2,Low
562,feb9ef61-ffd1-4298-a0ac-fda396b820b2,1788274751.1159122,0.446,0.383,0.371,-0.1,1,14.0,98.0,31.6,Low
563,feb9ef61-ffd1-4298-a0ac-fda396b820b2,1788274752.127001,0.441,0.359,0.403,-0.088,1,14.0,98.0,21.0,Low
564,feb9ef61-ffd1-4298-a0ac-fda396b820b2,1788274753.1332903,0.445,0.348,0.394,-0.068,1,13.9,98.0,25.9,Low
565,feb9ef61-ffd1-4298-a0ac-fda396b820b2,1788274754.1418867,0.451,0.384,0.395,-0.06,1,13.9,98.0,29.3,Low
566,feb9ef61-ffd1-4298-a0ac-fda396b820b2,1788274755.1492817,0.454,0.412,0.322,-0.055,1,13.8,98.0,35.7,Low
567,feb9ef61-ffd1-4298-a0ac-fda396b820b2,1788274756.1594384,0.45,0.409,0.194,0.012,1,14.2,98.0,28.9,Low
568,feb9ef61-ffd1-4298-a0ac-fda396b820b2,1788274757.1676047,0.515,0.413,0.091,0.043,0,14.3,81.2,32.6,Low
569,feb9ef61-ffd1-4298-a0ac-fda396b820b2,1788274758.1767821,0.492,0.142,-0.247,0.029,0,14.5,98.0,0.8,Low
570,feb9ef61-ffd1-4298-a0ac-fda396b820b2,1788274759.1844609,0.49,0.166,-0.637,-0.304,0,14.4,98.0,0.2,Low
571,feb9ef61-ffd1-4298-a0ac-fda396b820b2,1788274760.1975825,0.444,0.468,-0.049,-0.134,1,14.4,67.5,55.7,Medium
572,f3f634f9-74e2-490a-ad38-f4b5a53846c7,1788274761.2102363,0.449,0.453,0.046,-0.078,1,14.3,98.0,56.3,Medium
573,f3f634f9-74e2-490a-ad38-f4b5a53846c7,1788274762.2289975,0.456,0.4,0.112,0.021,1,14.5,98.0,33.6,Low
574,f3f634f9-74e2-490a-ad38-f4b5a53846c7,1788274763.246413,0.46,0.021,0.141,0.01,0,14.8,98.0,6.3,Low
575,f3f634f9-74e2-490a-ad38-f4b5a53846c7,1788274764.2585216,0.488,0.023,0.019,0.046,0,15.5,84.1,1.8,Low
576,f3f634f9-74e2-490a-ad38-f4b5a53846c7,1788274765.2754,0.445,0.348,0.191,0.101,1,15.6,89.0,11.3,Low
577,f3f634f9-74e2-490a-ad38-f4b5a53846c7,1788274766.3007686,0.487,0.294,0.216,-0.246,0,16.0,92.4,24.1,Low
578,f3f634f9-74e2-490a-ad38-f4b5a53846c7,1788274767.3198414,0.498,0.104,0.407,-0.851,0,15.9,98.0,1.9,Low
579,f3f634f9-74e2-490a-ad38-f4b5a53846c7,1788274768.3332841,0.451,0.456,-0.108,-0.361,1,16.1,77.7,0.0,Low
580,4bcb047d-0764-4b07-9519-e147d875c0c1,1788277343.2083557,0.455,0.434,0.033,-0.278,1,12.9,98.0,100.0,High
581,4bcb047d-0764-4b07-9519-e147d875c0c1,1788277344.2154646,0.446,0.431,0.023,-0.263,1,12.9,98.0,100.0,High
582,4bcb047d-0764-4b07-9519-e147d875c0c1,1788277345.2323458,0.442,0.412,0.01,-0.232,1,12.8,98.0,100.0,High
583,4bcb047d-0764-4b07-9519-e147d875c0c1,1788277346.2409294,0.437,0.433,0.025,-0.23,1,13.0,58.8,100.0,High
584,4bcb047d-0764-4b07-9519-e147d875c0c1,1788277347.2581098,0.452,0.413,0.042,-0.106,1,12.9,73.4,100.0,High
585,4bcb047d-0764-4b07-9519-e147d875c0c1,1788277348.267982,0.472,0.459,0.046,-0.864,1,13.1,98.0,65.2,Medium
586,4bcb047d-0764-4b07-9519-e147d875c0c1,1788277349.3550074,0.463,0.449,0.037,-1.0,1,13.1,59.9,50.0,Medium
587,4bcb047d-0764-4b07-9519-e147d875c0c1,1788277350.3711948,0.467,0.424,0.031,-1.0,1,13.0,63.9,50.0,Medium
588,4bcb047d-0764-4b07-9519-e147d875c0c1,1788277351.378706,0.472,0.417,0.058,-1.0,1,13.0,71.0,50.0,Medium
589,4bcb047d-0764-4b07-9519-e147d875c0c1,1788277352.3968809,0.469,0.429,0.052,-1.0,1,12.9,77.8,50.0,Medium
590,4bcb047d-0764-4b07-9519-e147d875c0c1,1788277353.4061277,0.461,0.418,0.059,-1.0,1,12.9,57.1,50.0,Medium
591,4bcb047d-0764-4b07-9519-e147d875c0c1,1788277354.4200544,0.475,0.423,0.054,-1.0,1,12.8,55.8,50.0,Medium
592,4bcb047d-0764-4b07-9519-e147d875c0c1,1788277355.427595,0.469,0.434,0.073,-1.0,1,12.8,98.0,50.0,Medium
593,4bcb047d-0764-4b07-9519-e147d875c0c1,1788277356.4590344,0.449,0.359,0.064,-0.926,0,12.9,55.0,50.0,Medium
594,4bcb047d-0764-4b07-9519-e147d875c0c1,1788277357.4834244,0.469,0.343,0.059,-0.949,0,13.1,96.2,50.0,Medium
595,4bcb047d-0764-4b07-9519-e147d875c0c1,1788277358.5015903,0.457,0.327,0.078,-0.923,0,13.3,98.0,0.3,Low
596,4bcb047d-0764-4b07-9519-e147d875c0c1,1788277359.5099711,0.461,0.423,0.12,-0.802,1,13.5,55.4,48.4,Medium
597,4bcb047d-0764-4b07-9519-e147d875c0c1,1788277360.5335245,0.448,0.467,0.132,-0.462,1,13.6,98.0,56.4,Medium
598,4bcb047d-0764-4b07-9519-e147d875c0c1,1788277361.5413198,0.456,0.439,0.212,-0.274,1,13.6,98.0,92.6,High
599,99abfcb8-f2b9-4f93-b1ba-8310ca12c767,1788277738.7344115,0.447,0.432,0.078,-0.131,1,23.7,98.0,95.7,High
600,99abfcb8-f2b9-4f93-b1ba-8310ca12c767,1788277739.745189,0.442,0.408,0.097,-0.093,1,23.4,98.0,96.0,High
601,99abfcb8-f2b9-4f93-b1ba-8310ca12c767,1788277740.7711346,0.451,0.442,0.061,-0.138,1,23.2,98.0,97.2,High
602,99abfcb8-f2b9-4f93-b1ba-8310ca12c767,1788277741.777399,0.44,0.377,0.094,-0.085,1,22.9,87.8,98.3,High
603,99abfcb8-f2b9-4f93-b1ba-8310ca12c767,1788277742.7850895,0.445,0.425,0.13,-0.089,1,22.7,98.0,95.4,High
604,99abfcb8-f2b9-4f93-b1ba-8310ca12c767,1788277743.7916539,0.448,0.424,0.087,-0.106,1,22.4,89.9,96.2,High
605,99abfcb8-f2b9-4f93-b1ba-8310ca12c767,1788277744.8087127,0.45,0.43,0.092,-0.2,1,22.2,98.0,91.7,High
606,99abfcb8-f2b9-4f93-b1ba-8310ca12c767,1788277745.8172417,0.445,0.464,0.107,-0.341,1,22.0,98.0,91.3,High
607,99abfcb8-f2b9-4f93-b1ba-8310ca12c767,1788277746.8255994,0.471,0.475,0.102,-0.862,1,21.7,98.0,41.5,Low
608,99abfcb8-f2b9-4f93-b1ba-8310ca12c767,1788277747.835417,0.448,0.431,0.094,-0.426,1,22.1,82.2,49.9,Medium
609,99abfcb8-f2b9-4f93-b1ba-8310ca12c767,1788277748.8495407,0.436,0.406,0.077,0.078,1,21.9,67.1,95.3,High
610,99abfcb8-f2b9-4f93-b1ba-8310ca12c767,1788277749.862393,0.443,0.386,0.085,-0.004,1,21.7,98.0,94.4,High
611,99abfcb8-f2b9-4f93-b1ba-8310ca12c767,1788277750.8747637,0.44,0.379,0.111,-0.087,1,21.5,98.0,99.9,High
612,99abfcb8-f2b9-4f93-b1ba-8310ca12c767,1788277751.895741,0.448,0.392,0.08,-0.054,1,21.3,88.4,100.0,High
613,99abfcb8-f2b9-4f93-b1ba-8310ca12c767,1788277752.9023924,0.443,0.404,0.08,-0.084,1,21.1,93.0,100.0,High
614,99abfcb8-f2b9-4f93-b1ba-8310ca12c767,1788277753.9134123,0.444,0.411,0.075,-0.108,1,20.9,98.0,100.0,High
615,99abfcb8-f2b9-4f93-b1ba-8310ca12c767,1788277754.9245117,0.447,0.401,0.095,-0.126,1,20.7,98.0,100.0,High
616,99abfcb8-f2b9-4f93-b1ba-8310ca12c767,1788277755.937986,0.449,0.428,0.073,-0.131,1,20.5,98.0,100.0,High
617,99abfcb8-f2b9-4f93-b1ba-8310ca12c767,1788277756.9472854,0.452,0.419,0.07,-0.151,1,20.3,98.0,100.0,High
618,99abfcb8-f2b9-4f93-b1ba-8310ca12c767,1788277757.968703,0.451,0.412,0.088,-0.143,1,20.1,98.0,100.0,High
